comment_id,target,opinion,sentiment,confidence
886175366,place,pay,POS,0.5336
886175366,breakfast,incl,NEG,0.9997
886175366,Breakfast,substantial,POS,1.0
886175366,room,large,POS,1.0
886175366,room,clean,POS,1.0
886175366,aircon,good,POS,1.0
886175366,bathroom,huge,POS,1.0
886175366,shower,hot,NEG,1.0
886175366,balcony,big,POS,1.0
886175366,balcony,bright,POS,1.0
886175366,balcony,airy,POS,1.0
751602005,rooms,disappointing,NEG,1.0
751602005,rooms,outdated,NEG,1.0
751602005,amenities,No,NEG,1.0
751602005,room,cold,NEG,1.0
751602005,Breakfast,minimal,POS,1.0
751602005,resort,nicer,NEG,0.6537
736659114,stay,hesitant,NEG,0.998
736659114,room,Stayed,NEU,0.3954
736659114,Room,clean,POS,1.0
736659114,room,cleaned,POS,1.0
736659114,room,quickly,POS,1.0
736659114,Staff,amazing,POS,1.0
736659114,rates,great,POS,1.0
736659114,supermarket,pricey,NEG,1.0
736659114,restaurants,Great,POS,1.0
736659114,restaurants,near,POS,1.0
736659114,cafe,fantastic,POS,1.0
736659114,ribs,best,POS,0.8134
736659114,Breakfast,included,POS,1.0
736659114,price,basic,NEU,1.0
4393020,deal,package,POS,0.9901
4393020,location,happy,POS,1.0
4393020,pool,clean,POS,1.0
4393020,guests,quiet,POS,0.759
4393020,it,quiet,POS,1.0
4393020,shops,basics,NEU,0.6353
4393020,beach,walking,POS,0.9991
4393020,bakery,fabulous,POS,1.0
4393020,shop,western,POS,1.0
5438719,Cottages,loved,POS,1.0
5438719,budget,good,POS,1.0
5438719,flight,long,NEG,1.0
5438719,staff,friendly,POS,1.0
5438719,staff,helpful,POS,1.0
5438719,guests,enjoyed,POS,1.0
5438719,Pool,great,POS,1.0
5438719,staff,rudeness,NEG,0.9995
5438719,conversation,normal,NEU,0.9995
5438719,hotel,safe,POS,1.0
5438719,hotel,quiet,POS,1.0
5438719,warung,great,POS,1.0
5438719,Staff,friendly,POS,1.0
5438719,across,Right,POS,1.0
105053946,Beach,booked,NEU,1.0
105053946,Cottages,booked,NEU,0.9996
105053946,price,booked,NEU,0.9989
105053946,rooms,basic,NEU,1.0
105053946,rooms,old,NEG,0.9966
105053946,rooms,cleaned,POS,0.9995
105053946,fridge,small,NEG,0.4089
105053946,pool,enjoyed,POS,1.0
105053946,loungers,enjoyed,POS,1.0
340119793,value,great,POS,1.0
340119793,room,great,POS,1.0
340119793,room,spacious,POS,0.9983
340119793,balcony,big,POS,0.5371
340119793,rooms,cleaned,POS,1.0
340119793,rooms,well,POS,0.9999
340119793,location,good,POS,1.0
340119793,location,quiet,POS,1.0
340119793,beach,walk,POS,0.9999
340119793,room,free,POS,1.0
124637732,place,good,POS,1.0
124637732,bed,clean,POS,1.0
124637732,room,cool,POS,1.0
124637732,water,clean,POS,1.0
124637732,gardens,amazing,POS,1.0
124637732,Hotel,safe,POS,1.0
124637732,everyone,friendly,POS,1.0
121724578,stay,adequate,POS,1.0
121724578,room,cool,POS,1.0
121724578,place,worst,NEG,1.0
117884167,staff,fantastic,POS,1.0
117884167,price,pay,NEG,0.9055
117884167,manager,thanks,POS,1.0
685101496,view,great,POS,1.0
685101496,rooms,quiet,POS,1.0
685101496,rooms,comfy,POS,1.0
685101496,BAKUNG,well,POS,1.0
295558103,hotel,worst,NEG,1.0
295558103,stayed,expensive,NEG,1.0
295558103,stayed,cheaper,POS,0.9993
295558103,rooms,dirty,NEG,1.0
295558103,sheets,threadbare,NEG,0.9853
295558103,towels,threadbare,NEG,0.9998
295558103,colour,dirty,NEG,1.0
295558103,rooms,old,NEG,1.0
295558103,rooms,depressing,NEG,1.0
295558103,Breakfast,passable,POS,1.0
227816563,place,gem,POS,1.0
227816563,pool,Nice,POS,1.0
227816563,rooms,clean,POS,1.0
227816563,gardens,lovely,POS,1.0
227816563,place,perfect,POS,1.0
227816563,tiles,broken,NEG,1.0
227816563,Breakfast,lean,POS,0.6383
227816563,cat,mangy,NEG,0.9946
209982822,Hotel,comfortable,POS,1.0
209982822,shopping,close,POS,0.9999
209982822,fridge,small,NEG,0.8407
209982822,rooms,different,POS,0.9999
107068313,hotel,Checked,NEU,1.0
107068313,room,filthy,NEG,1.0
107068313,rates,cheaper,POS,0.9996
107068313,place,okay,NEU,1.0
467159630,reception,decent,POS,0.611
467159630,drink,cold,NEU,0.9129
467159630,rooms,neat,POS,1.0
467159630,hotel,neat,POS,0.9987
467159630,rooms,clean,POS,1.0
467159630,hotel,clean,POS,1.0
467159630,bathrooms,big,POS,1.0
467159630,bathrooms,clean,POS,0.9997
467159630,restaurant,basic,NEU,1.0
467159630,food,amazing,POS,1.0
467159630,hotel,cheap,POS,1.0
304503322,location,Excellent,POS,1.0
304503322,Breakfast,poor,NEG,1.0
304503322,bed,bug,NEG,1.0
304503322,pool,screaming,NEG,1.0
304503322,skin,sensitive,NEG,1.0
304503322,staff,told,POS,0.9984
217696913,property,close,POS,0.9882
217696913,life,easy,POS,0.8197
217696913,online,affordable,POS,0.8999
217696913,comments,bad,NEG,0.999
217696913,it,loved,POS,1.0
217696913,mall,New,POS,1.0
217696913,resort,luxury,POS,1.0
207804376,location,great,POS,1.0
207804376,staff,friendly,POS,1.0
207804376,bathrooms,updated,POS,0.9982
207804376,menu,happy,POS,0.9258
207804376,menu,simple,NEU,0.9999
207804376,lounges,new,POS,1.0
207804376,shopping,clean,POS,0.9881
207070237,experience,great,POS,1.0
207070237,hotel,humble,POS,1.0
207070237,rooms,dingy,NEG,1.0
207070237,breakfast,laughable,POS,1.0
207070237,breakfast,value,POS,0.9979
207070237,money,value,POS,0.9937
207070237,airport,Close,POS,1.0
142685672,hotel,old,NEG,1.0
142685672,washbasins,new,POS,1.0
142685672,hotel,recommend,POS,1.0
142685672,manager,friendliness,NEG,0.9999
142685672,staff,friendliness,NEG,0.9998
142685672,Pool,lovely,POS,1.0
142685672,gardens,pretty,POS,1.0
130559223,sheets,clean,POS,1.0
130559223,staff,friendly,POS,1.0
130559223,stay,cost,NEG,0.9962
116001939,here,stayed,NEU,0.9905
116001939,hotel,beautiful,POS,1.0
116001939,gardens,amazing,POS,1.0
116001939,pool,great,POS,1.0
116001939,rooms,basic,NEU,1.0
116001939,rooms,fine,NEU,1.0
116001939,beds,Comfy,POS,1.0
116001939,shower,good,POS,1.0
116001939,bathroom,small,NEG,1.0
116001939,walls,thin,NEG,1.0
116001939,Staff,friendly,POS,1.0
116001939,Staff,helpful,POS,1.0
92852386,stay,enjoyed,POS,1.0
92852386,staff,fantastic,POS,1.0
92852386,staff,helpful,POS,0.8338
92852386,rooms,cleaned,POS,1.0
92852386,room,basic,NEU,1.0
92852386,balcony,nice,POS,1.0
92852386,pool,nice,POS,1.0
92852386,breakfast,pritty,POS,0.7984
92852386,breakfast,basic,NEU,1.0
92852386,breakfast,decent,POS,0.9984
74857121,hotel,cheap,POS,0.9998
74857121,situated,ideally,POS,1.0
74857121,bathroom,clean,POS,1.0
74857121,bathroom,rats,NEG,1.0
74857121,Beach,rats,NEG,0.8492
74857121,entertainmentt,Free,POS,1.0
74857121,food,excellent,POS,1.0
29162261,stay,pleased,POS,1.0
29162261,rooms,basic,NEU,1.0
29162261,breakfast,basic,NEU,1.0
29162261,food,good,POS,1.0
29162261,pizza,wasdelicious,NEG,0.9674
493882930,place,horrible,NEG,1.0
493882930,Room,changes,POS,0.9993
493882930,bathroom,Dirty,NEG,1.0
493882930,breakfast,rubbish,NEG,1.0
493882930,Pool,chlorinated,NEG,1.0
493882930,pool,nice,POS,1.0
493882930,mall,nice,POS,1.0
493882930,night,noisy,NEG,1.0
493882930,rooms,basic,NEU,1.0
493882930,ceiling,rats,NEG,1.0
493882930,ceiling,squirrels,NEG,1.0
492638943,reviews,ppl,POS,0.3516
492638943,place,pleased,POS,1.0
492638943,bathroom,clogged,NEG,1.0
492638943,Breakfast,decent,POS,1.0
492638943,complaint,nothing,POS,1.0
492638943,place,recommend,POS,1.0
492638943,place,decent,POS,1.0
457745719,hotel,love,POS,1.0
457745719,beach,walk,POS,1.0
457745719,food,Easy,POS,0.836
457745719,airport,Near,POS,1.0
457745719,mall,Next,POS,1.0
457745719,room,big,POS,1.0
324315173,time,fabulous,POS,1.0
324315173,view,fabulous,POS,1.0
324315173,room,clean,POS,1.0
324315173,room,comfortable,POS,1.0
324315173,room,tidy,POS,1.0
324315173,Shower,low,NEG,0.9975
324315173,staff,lovely,POS,1.0
324315173,staff,welcoming,POS,1.0
324315173,breakfasts,enjoyed,POS,1.0
324315173,pool,enjoyed,POS,1.0
324315173,location,excellent,POS,1.0
323343135,hotel,fine,POS,1.0
323343135,hotel,good,POS,1.0
323343135,staff,great,POS,1.0
323343135,food,good,POS,1.0
323343135,shops,central,POS,0.9999
323343135,restaurants,central,POS,1.0
298999201,Rooms,clean,POS,1.0
298999201,grounds,neat,POS,1.0
298999201,grounds,tidy,POS,1.0
298999201,staff,friendly,POS,1.0
298999201,food,good,POS,1.0
298999201,price,good,POS,1.0
298999201,location,good,POS,1.0
298999201,money,worth,POS,0.8087
250458639,value,excellent,POS,0.6633
250458639,location,great,POS,1.0
250458639,Rooms,spacious,POS,1.0
250458639,Bed,hard,NEG,0.9999
250458639,Bed,comfy,POS,1.0
250458639,pillows,extra,POS,1.0
250458639,bed,bugs,NEG,1.0
250458639,Bathroom,smelly,NEG,1.0
250458639,Towels,old,NEG,1.0
250458639,Towels,clean,POS,1.0
250458639,Pool,deep,NEG,1.0
250458639,rain,green,NEG,1.0
250458639,prices,reasonable,POS,0.8793
250458639,Breakfast,â€“,POS,0.5092
250458639,staying,boring,NEG,0.8308
250458639,Staff,fantastic,POS,1.0
247485586,Rooms,comfortable,POS,1.0
247485586,pool,Excellent,POS,1.0
247485586,fruit,selection,NEU,0.9981
247485586,coffee,selection,NEU,0.5283
247485586,food,Great,POS,1.0
247485586,price,great,POS,1.0
247485586,Kuta,walk,POS,0.8535
247485586,Mall,large,POS,0.993
237192799,Room,acceptable,POS,1.0
237192799,floor,filthy,NEG,1.0
237192799,sandy,gross,NEG,1.0
237192799,grouting,gross,NEG,1.0
237192799,wardrobes,smell,NEG,1.0
237192799,wardrobes,terrible,NEG,1.0
237192799,lighting,appalling,NEG,0.9987
237192799,room,flicker,NEG,0.8802
237192799,room,dark,NEG,0.84
214747320,hotel,cheap,POS,1.0
214747320,location,good,POS,1.0
214747320,rooms,reasonable,POS,1.0
214747320,rooms,clean,POS,1.0
214747320,pool,small,NEG,1.0
214747320,breakfast,limited,NEG,1.0
214747320,staff,great,POS,1.0
214747320,staff,helpfull,POS,1.0
207448181,hotel,amazing,POS,1.0
207448181,price,amazing,POS,0.9999
207448181,hotel,closer,POS,1.0
207448181,Location,great,POS,1.0
207448181,shops,great,POS,1.0
207448181,Pool,fantastic,POS,1.0
207448181,Rooms,clean,POS,1.0
207448181,Rooms,modern,POS,1.0
207448181,wifi,Free,POS,1.0
207448181,Breakfast,ok,NEU,1.0
201968109,hotel,Nice,POS,1.0
201968109,hotel,clean,POS,1.0
201968109,hotel,cheap,POS,1.0
201968109,room,big,POS,1.0
201968109,showers,Comfortable,POS,0.9468
186211023,reviews,disagree,NEG,0.9997
186211023,hotel,improved,POS,1.0
186211023,staff,smiling,POS,1.0
186211023,staff,friendly,POS,1.0
186211023,rooms,renovated,POS,1.0
186211023,establishment,fairly,POS,1.0
184207132,deal,cheap,POS,1.0
184207132,rooms,large,POS,1.0
184207132,rooms,clean,POS,1.0
184207132,rooms,spacious,POS,1.0
184207132,beds,comfy,POS,1.0
184207132,Hotel,central,POS,1.0
184207132,service,fantastic,POS,1.0
184207132,staff,warm,POS,1.0
184207132,staff,welcoming,POS,1.0
184207132,staff,helpful,POS,1.0
176944786,drink,welcome,POS,1.0
176944786,porter,nice,POS,1.0
176944786,security,nice,POS,1.0
176944786,room,OK,POS,0.9773
176944786,It,clean,POS,1.0
176944786,wardrobe,clean,POS,1.0
176944786,shower,clean,POS,0.7556
176944786,room,cleaned,POS,1.0
176944786,wifi,free,POS,1.0
176944786,wifi,good,POS,1.0
176944786,breakfast,paid,POS,0.7223
176944786,restaurant,ate,NEU,0.9999
171419976,resorts,impressive,POS,1.0
171419976,Kuta,central,POS,1.0
171419976,Staff,friendly,POS,1.0
171419976,rooms,basic,NEU,1.0
171419976,bed,comfortable,POS,1.0
171419976,pool,nice,POS,1.0
171419976,budget,great,POS,1.0
171419976,value,great,POS,1.0
171419976,place,suits,POS,1.0
150752275,rooms,efficiently,POS,1.0
150752275,PRICE,REASONABLE,POS,1.0
150752275,staff,kind,POS,1.0
150752275,entrance,grand,POS,1.0
150752275,rooms,comfortable,POS,1.0
150752275,space,liked,POS,0.9999
150752275,atmosphere,un,NEG,1.0
150752275,atmosphere,pretentious,NEG,1.0
150752275,atmosphere,enjoying,POS,1.0
150752275,location,enjoying,POS,1.0
150752275,prices,comfort,POS,0.5497
148688286,hotels,nice,POS,1.0
148688286,lady,unfriendly,NEG,1.0
148688286,rooms,ok,NEG,0.3975
148688286,rooms,given,NEU,1.0
148688286,cash,required,NEG,0.952
148688286,deposit,required,NEG,0.9326
130403625,place,old,NEG,0.9999
130403625,place,cheap,POS,0.9996
130403625,rooms,clean,POS,1.0
130403625,bathroom,clean,POS,1.0
130403625,towels,clean,POS,1.0
130403625,towels,grey,NEG,1.0
130403625,pool,lovely,POS,0.9999
130403625,grounds,lovely,POS,1.0
130403625,staff,polite,POS,1.0
130403625,budget,recommend,POS,0.7608
130403625,coffee,no,NEG,1.0
130403625,water,no,NEG,0.9491
596478186,pool,big,POS,1.0
596478186,rooms,large,POS,1.0
596478186,stay,good,POS,1.0
596478186,stay,tired,NEG,0.7757
596478186,tiles,missing,NEG,0.8176
596478186,pool,missing,NEG,0.5018
581303283,rooms,clean,POS,1.0
581303283,rooms,simple,POS,1.0
581303283,bathroom,drain,NEG,1.0
581303283,restaurants,close,POS,0.9991
581303283,pool,nice,POS,1.0
581303283,garden,beautiful,POS,1.0
549405211,hotel,bad,NEG,1.0
549405211,lights,no,NEG,1.0
549405211,service,shocking,NEG,1.0
549405211,people,elderly,NEG,1.0
549405211,pathway,dangerous,NEG,1.0
549405211,path,steep,NEG,1.0
549405211,choose,You,POS,0.6154
549405211,lifts,no,NEG,1.0
549405211,rooms,basic,NEU,1.0
549405211,bedding,hard,NEG,1.0
549405211,bathroom,basic,NEU,1.0
549405211,bathroom,dirty,NEG,1.0
549405211,kettle,No,NEG,1.0
549405211,air,loud,NEG,1.0
549405211,breakfast,average,NEU,1.0
544278109,premises,bad,NEG,1.0
544278109,Staffs,friendly,POS,0.9687
544278109,Bedding,hard,NEG,1.0
544278109,Towels,clean,POS,1.0
544278109,massage,good,POS,0.7635
544278109,massage,cheap,POS,0.8685
531121159,room,booked,NEU,1.0
531121159,beds,normal,NEU,1.0
531121159,bed,normal,NEU,1.0
531121159,staff,unfriendly,NEG,1.0
531121159,bed,extra,POS,0.9988
531121159,rooms,dirty,NEG,1.0
531121159,bathroom,cockrouches,NEG,0.9987
531121159,shower,cold,NEG,1.0
530082607,beds,extra,POS,0.7685
530082607,pool,large,POS,1.0
530082607,tiles,sharp,POS,1.0
530082607,rooms,spacious,POS,0.9999
530082607,bathrooms,poor,NEG,0.9821
530082607,cons,worked,POS,1.0
530082607,Breakfast,adequate,POS,1.0
530082607,bed,bug,NEG,1.0
530082607,holiday,spoilt,NEG,1.0
530082607,price,low,POS,1.0
493740830,place,ill,NEG,1.0
493740830,Breakfast,terrible,NEG,1.0
493740830,all,lovely,POS,0.9999
493740830,staff,lovely,POS,1.0
493740830,this,unprofessional,NEG,1.0
493740830,Bathroom,clogged,NEG,1.0
493740830,room,new,POS,0.9998
487680012,pool,dangerous,NEG,0.9919
487680012,furniture,poor,NEG,1.0
487192308,it,enjoyed,POS,1.0
487192308,hotel,love,POS,1.0
487192308,people,best,POS,1.0
487192308,ball,young,NEG,1.0
487192308,hotel,budget,POS,1.0
475201985,Rooms,average,NEU,1.0
475201985,Pool,nice,POS,0.9812
475201985,Pool,green,POS,0.7064
475201985,rooms,renovated,POS,0.9988
450591603,room,clean,POS,0.9875
450591603,properties,old,NEG,1.0
450591603,location,great,POS,1.0
440771094,beds,huge,POS,1.0
440771094,beds,clean,POS,1.0
440771094,beds,quiet,POS,1.0
440771094,surfers,Lots,POS,1.0
440771094,boats,close,POS,1.0
440771094,price,great,POS,1.0
434515617,location,loved,POS,1.0
434515617,ambiance,loved,POS,0.9992
434515617,pool,lovely,POS,1.0
434515617,gardens,lovely,POS,1.0
434515617,Temple,interesting,POS,1.0
434515617,balcony,comfortable,POS,0.505
434515617,suits,wet,NEG,0.9861
434515617,room,renovated,POS,1.0
434515617,shower,dislike,NEG,1.0
430439032,hotel,good,POS,1.0
430439032,pool,nice,POS,1.0
426871952,hotel,stayed,NEU,1.0
426871952,beach,close,POS,1.0
426871952,Pool,nice,POS,0.9659
426871952,pool,big,POS,1.0
426871952,room,neat,POS,1.0
426871952,room,tidy,POS,1.0
426871952,room,cleaned,POS,0.9966
338089033,towels,no,NEG,1.0
338089033,linen,stained,NEG,1.0
338089033,froze,broken,NEG,0.6928
338089033,water,unreliable,NEG,1.0
338089033,tiles,Broken,NEG,1.0
338089033,pool,chlorinated,NEG,0.7758
338089033,pool,broken,NEG,0.6115
338089033,Breakfast,ordinary,NEU,1.0
338089033,staff,good,POS,1.0
338089033,WiFi,Free,POS,1.0
315473991,value,good,POS,1.0
315473991,brekky,good,POS,0.9448
315473991,grounds,nice,POS,1.0
315473991,pool,nice,POS,1.0
315473991,restaurant,nice,POS,1.0
315473991,rooms,basic,NEU,1.0
315473991,staff,Freindly,POS,1.0
315473991,position,central,POS,1.0
315473991,beach,close,POS,1.0
315473991,night,quiet,POS,1.0
315473991,airport,Close,POS,1.0
315473991,pool,large,POS,1.0
315473991,section,deep,NEG,0.5514
315473991,towels,fresh,POS,0.9996
315473991,towels,scarce,NEG,1.0
315473991,beds,Comfy,POS,1.0
303035548,hotel,coming,POS,0.9999
303035548,location,great,POS,1.0
303035548,renovations,improved,POS,0.577
303035548,Rooms,clean,POS,1.0
303035548,Staff,fantastic,POS,1.0
303035548,Staff,helpful,POS,1.0
303035548,garden,Great,POS,1.0
260967838,rooms,simple,POS,1.0
260967838,Beds,fine,POS,1.0
260967838,Beds,clean,POS,1.0
260967838,pool,chlorine,NEG,1.0
260967838,Breakfast,toast,POS,0.9994
260967838,People,friendly,POS,1.0
260967838,People,helpful,POS,1.0
260967838,Location,good,POS,1.0
260967838,waves,nice,POS,1.0
260967838,restaurants,Enough,NEG,1.0
260967838,airport,drive,POS,1.0
241044724,money,value,POS,1.0
241044724,Rooms,ok,NEU,1.0
241044724,aircon,great,POS,0.9999
241044724,pool,great,POS,1.0
241044724,Drinks,well,POS,0.9619
240468031,beach,walk,POS,0.9999
240468031,beach,awesome,POS,1.0
240468031,Room,spacious,POS,1.0
240468031,wifi,excellent,POS,1.0
240468031,beds,hard,NEG,1.0
240468031,nothing,missing,NEG,0.7823
240468031,Staff,excellent,POS,1.0
240468031,Staff,happy,POS,1.0
240468031,Staff,fun,POS,1.0
233047764,drink,welcome,POS,1.0
233047764,Rooms,basic,NEU,1.0
233047764,Rooms,spacious,POS,0.9997
233047764,room,cleaned,POS,0.9996
233047764,restaraunt,cheap,POS,0.8594
233047764,food,cheap,POS,0.9572
233047764,food,fresh,POS,0.9998
233047764,stay,Loved,POS,1.0
225589608,location,perfect,POS,1.0
225589608,nightclub,far,NEG,0.9994
225589608,eat,closeby,POS,0.5552
225589608,rooms,basic,NEU,1.0
225589608,balcony,nice,POS,1.0
225589608,breakfast,ok,NEU,1.0
225589608,pool,relaxing,POS,1.0
225589608,gardens,lush,POS,1.0
216138052,hotel,cheap,POS,1.0
216138052,hotel,basic,NEU,1.0
216138052,rooms,large,POS,1.0
216138052,rooms,comfortable,POS,1.0
216138052,rooms,dated,NEG,1.0
216138052,Breakfast,basic,NEU,1.0
216138052,pool,nice,POS,0.9936
216138052,airport,close,POS,1.0
215449835,shopping,Walking,POS,0.9975
215449835,shopping,distance,POS,0.9976
215449835,Rooms,clean,POS,1.0
215449835,store,harassed,NEG,0.9999
215449835,beach,best,POS,1.0
215449835,locations,best,POS,0.6665
208646889,hotel,nice,POS,1.0
208646889,mattress,hard,NEG,0.9985
208646889,springs,broken,NEG,1.0
206729556,property,peace,POS,0.9944
206729556,Money,value,POS,1.0
206729556,stay,restful,POS,1.0
206729556,Pool,small,NEG,1.0
206729556,Pool,clean,POS,1.0
206729556,Pool,nice,POS,1.0
206729556,limbs,tired,NEG,1.0
206729556,restaurant,basic,NEU,1.0
206729556,rooms,clean,POS,1.0
198975217,Rooms,clean,POS,1.0
198975217,ac,worked,POS,0.9999
198975217,balcony,nice,POS,0.9979
198975217,gardens,maintained,POS,1.0
198975217,tiles,missing,NEG,0.9999
189571380,money,Value,POS,1.0
189571380,AC,good,POS,1.0
189571380,water,good,POS,1.0
189571380,bed,large,POS,1.0
189571380,room,Large,POS,1.0
189571380,room,spacious,POS,1.0
189571380,staff,Friendly,POS,1.0
189571380,garden,Large,POS,1.0
189571380,location,Good,POS,1.0
186794465,Staff,friendly,POS,1.0
186794465,room,old,NEG,1.0
186794465,room,outdated,NEG,1.0
186794465,cats,stray,NEG,1.0
186794465,bed,bugs,NEG,1.0
186794465,room,noisy,NEG,1.0
186794465,money,Save,POS,1.0
186596097,hotel,Simple,NEU,1.0
186596097,location,good,POS,1.0
186596097,rooms,basic,NEU,1.0
186596097,bed,firm,POS,1.0
186596097,beach,close,POS,1.0
186596097,Food,basic,NEU,1.0
186596097,Food,OK,NEU,1.0
183336044,bali,love,POS,1.0
183336044,culture,love,POS,1.0
183336044,lifestyle,love,POS,1.0
183336044,hotel,wanted,NEU,1.0
183336044,atmosphere,nice,POS,1.0
183336044,gardens,beautiful,POS,1.0
183336044,restaurant,nice,POS,1.0
183336044,room,ok,NEU,1.0
183336044,room,not,NEG,0.9948
183336044,room,excellent,POS,1.0
183336044,staff,good,POS,1.0
183336044,people,good,POS,0.996
183336044,them,helpful,POS,0.9998
183336044,hotel,love,POS,1.0
183336044,time,great,POS,1.0
182172474,budget,Nice,POS,1.0
182172474,garden,nice,POS,1.0
182172474,wifi,free,POS,1.0
182172474,pool,carefull,NEG,1.0
182172474,pool,deep,NEG,0.8762
182172474,breakfast,basic,NEU,1.0
182172474,airport,near,POS,1.0
182172474,localtion,Good,POS,0.9965
182172474,Kuta,Good,POS,0.9976
181442748,here,stayed,NEU,0.9481
181442748,price,outstanding,POS,1.0
181442748,rooms,outstanding,POS,1.0
181442748,rooms,dated,NEG,0.992
181442748,rooms,clean,POS,1.0
181442748,pool,large,POS,1.0
181442748,pool,clean,POS,1.0
181442748,priced,reasonably,POS,1.0
172992949,beach,walk,POS,1.0
172992949,SuperMarket,Great,POS,1.0
172992949,square,walk,POS,0.6566
172992949,hotels,major,POS,1.0
172992949,Airport,Close,POS,1.0
166454674,lady,pleasant,POS,1.0
166454674,lady,welcoming,POS,1.0
166454674,rooms,clean,POS,1.0
166454674,rooms,basic,NEU,1.0
166454674,rooms,comfortable,POS,1.0
166454674,breakfast,good,POS,1.0
166454674,Hotel,recommend,POS,0.9981
166454674,price,value,POS,0.4084
165137046,pool,close,POS,1.0
165137046,amenities,close,POS,1.0
165137046,works,Never,NEG,1.0
165137046,bathroom,clean,POS,1.0
165137046,bathroom,neat,POS,1.0
165137046,bathroom,tidy,POS,1.0
165137046,towels,More,NEG,0.9945
165137046,families,Nice,POS,0.9999
165137046,Pools,good,POS,1.0
158568348,stay,fabulous,POS,1.0
158568348,location,best,POS,1.0
158568348,beach,close,POS,1.0
158568348,Restaurant,Great,POS,1.0
158568348,meals,fantastic,POS,1.0
158568348,facilities,good,POS,1.0
158568348,linen,clean,POS,1.0
158568348,pool,relaxing,POS,1.0
158568348,staff,attentive,POS,1.0
158568348,staff,obliging,POS,1.0
158568348,stay,enjoyable,POS,1.0
146055449,staff,pleasant,POS,1.0
146055449,facilities,older,NEG,1.0
146055449,linen,clean,POS,1.0
146055449,breakfast,fair,POS,1.0
129275190,motel,stayed,NEU,1.0
129275190,time,nice,POS,1.0
129275190,building,noisy,NEG,1.0
129275190,bathroom,mouldy,NEG,1.0
129275190,bathroom,leaking,NEG,1.0
129275190,aircon,worked,POS,1.0
129275190,beds,clean,POS,1.0
129275190,pool,old,NEG,0.9728
129275190,tiles,broken,NEG,1.0
129275190,rooms,paid,NEU,0.9376
129275190,crowds,away,NEG,0.4673
128029559,here,stayed,NEU,1.0
128029559,room,disgusted,NEG,0.9988
128029559,room,Dirty,NEG,1.0
128029559,room,smelly,NEG,0.9997
128029559,bathrooms,worst,NEG,1.0
128029559,price,ridiculous,NEG,1.0
128029559,Bed,bugs,NEG,1.0
128029559,towels,gray,NEG,1.0
128029559,towels,holes,NEG,0.9969
128029559,travel,worst,NEG,0.7129
127344013,hotel,budget,POS,0.9999
127344013,hotel,clean,POS,1.0
127344013,time,different,POS,0.9994
127344013,room,dirty,NEG,1.0
127344013,flees,bitten,POS,0.3776
127344013,roof,leaked,NEG,1.0
127344013,roof,rained,NEG,0.9995
127344013,hotel,clean,POS,1.0
127344013,hotel,need,NEG,0.8661
118840411,room,paid,POS,0.3626
118840411,grounds,lovely,POS,1.0
118840411,rooms,tired,NEG,0.7001
118840411,Staff,polite,POS,1.0
118840411,guests,good,POS,0.6221
118485329,hotel,stayed,NEU,1.0
118485329,experience,Worst,NEG,1.0
118485329,room,dirty,NEG,1.0
118485329,room,old,NEG,1.0
118485329,bathroom,cockroaches,NEG,1.0
69159607,airport,close,POS,1.0
69159607,room,worst,NEG,1.0
69159607,service,poor,NEG,1.0
69159607,staff,rude,NEG,1.0
69159607,staff,unfriendly,NEG,1.0
69159607,taxis,busy,NEG,1.0
54976396,staying,careful,NEG,1.0
54976396,area,bandits,NEG,0.6596
54976396,hotel,mediocrity,NEG,0.9999
54976396,airport,close,POS,1.0
50018524,rooms,clean,POS,1.0
50018524,staff,friendly,POS,1.0
50018524,breakfast,Simple,POS,0.9571
50018524,breakfast,adequate,POS,1.0
50018524,Location,quiet,POS,1.0
50018524,beach,close,POS,1.0
50018524,cafes,close,POS,1.0
50018524,shops,close,POS,1.0
50018524,Towels,fluffy,POS,0.9484
50018524,Towels,thin,NEG,0.8143
50018524,pillows,soft,NEG,1.0
43514855,hotel,cheap,POS,1.0
43514855,trip,cheaper,POS,0.9978
43514855,hotel,LOVE,POS,1.0
43514855,room,clean,POS,1.0
43514855,aircon,fine,NEU,0.4149
43514855,bathroom,clean,POS,1.0
43514855,staff,impecable,POS,1.0
43514855,price,fantastic,POS,0.9996
43514855,meals,cheap,POS,0.9995
43514855,location,love,POS,1.0
693014668,location,good,POS,1.0
693014668,rooms,clean,POS,1.0
693014668,staff,friendly,POS,1.0
693014668,breakfast,good,POS,1.0
693014668,eggs,fresh,POS,1.0
693014668,warungs,Good,POS,1.0
693014668,rooms,quiet,POS,1.0
693014668,Rooms,noisy,NEG,1.0
666128702,Location,great,POS,1.0
666128702,linen,filthy,NEG,0.6255
666128702,concrete,uneven,NEG,0.9477
666128702,pool,uneven,NEG,0.954
666128702,pool,chipped,NEG,0.7848
666128702,tiles,broken,NEG,0.9997
666128702,lighting,dim,NEG,1.0
666128702,it,dump,NEG,1.0
624327518,travelling,stayed,NEU,0.6531
624327518,rooms,basic,NEU,1.0
624327518,Bed,hard,NEG,1.0
624327518,Staff,wonderful,POS,1.0
624327518,people,beautiful,POS,1.0
624327518,Breakfast,good,POS,1.0
624327518,food,yum,POS,1.0
624327518,price,good,POS,1.0
624327518,location,good,POS,1.0
621524189,hotel,cheap,POS,0.9998
621524189,hotel,basic,NEU,0.9987
621524189,location,great,POS,1.0
621524189,room,tired,NEG,1.0
581289845,Staff,fantastic,POS,1.0
581289845,Breakfast,great,POS,1.0
581289845,Pool,nice,POS,1.0
562200271,here,Stayed,POS,0.9982
562200271,shoes,wet,NEG,1.0
562200271,room,nice,POS,1.0
551890835,rate,best,POS,1.0
551890835,Reception,weird,NEG,0.8281
551890835,Bed,Extra,POS,0.9975
551890835,room,pay,NEG,0.4966
551890835,attitude,poor,NEG,1.0
551890835,attitude,dismissive,NEG,1.0
544628325,staff,nice,POS,1.0
544628325,rooms,cleaned,POS,1.0
544628325,chicken,unhealthy,NEG,1.0
544628325,it,unhealthy,NEG,1.0
540355254,reaction,Shock,NEG,0.9999
540355254,tea,No,NEG,1.0
540355254,coffee,No,NEG,1.0
540355254,Bathroom,shampoo,NEG,0.8723
540355254,benches,no,NEG,1.0
540355254,Breakfast,average,NEU,0.9725
540355254,Pool,sink,NEG,0.9984
540355254,Pool,tiles,NEG,0.678
527131040,us,closer,POS,0.9982
527131040,rooms,cleaned,POS,1.0
527131040,staff,helpful,POS,1.0
527131040,staff,friendly,POS,1.0
527131040,location,Great,POS,1.0
527131040,Breakfast,basic,NEU,1.0
525038854,staff,lovely,POS,1.0
525038854,gardens,lovely,POS,1.0
525038854,location,ideal,POS,1.0
525038854,table,disgusting,NEG,0.9964
525038854,milk,off,NEG,0.5531
525038854,BACON,NO,NEG,0.5868
525038854,breakfast,basic,NEU,1.0
525038854,breakfast,amazing,POS,1.0
525038854,bathroom,clean,POS,0.9973
525038854,corners,Mould,NEG,0.9939
510343720,drink,customary,NEU,1.0
510343720,staff,welcome,POS,1.0
510343720,breakfast,different,NEG,0.9992
510343720,staff,rude,NEG,1.0
510343720,money,stolen,NEG,0.9985
510343720,priced,high,POS,1.0
510343720,attitude,changed,POS,0.9999
509702276,it,basic,NEU,1.0
509702276,it,clean,POS,1.0
509702276,room,renovated,POS,1.0
509702276,rooms,Older,NEG,1.0
509702276,rooms,okay,NEU,1.0
509702276,Pool,clean,POS,1.0
509702276,cocktails,no,NEG,0.6649
509702276,bottles,grog,NEG,1.0
509702276,Food,good,POS,1.0
509702276,location,central,POS,1.0
509702276,beach,close,POS,1.0
509702276,airport,close,POS,1.0
509326663,pool,Nice,POS,1.0
509326663,hotel,terrible,NEG,1.0
509326663,Rooms,ugly,NEG,1.0
509326663,toilets,ugly,NEG,1.0
501828042,Bakungs,booked,NEU,1.0
501828042,rooms,ready,POS,1.0
501828042,room,ready,POS,0.8228
501828042,this,fair,POS,1.0
495611148,located,walking,POS,0.4989
495611148,beach,cose,POS,1.0
495611148,greenery,beautiful,POS,1.0
495611148,place,quiet,POS,1.0
495611148,Personnel,kind,POS,1.0
495611148,service,minimal,POS,1.0
495611148,price,honest,POS,1.0
487800339,hotel,booked,NEU,1.0
487800339,arriving,late,NEG,0.9123
487800339,plane,delayed,NEG,0.9984
487800339,room,OMG,POS,1.0
487800339,pictures,like,NEG,0.8143
487800339,it,terrible,NEG,1.0
487800339,room,small,NEG,1.0
487800339,bed,squeaky,NEG,1.0
487800339,room,bigger,POS,0.8523
487800339,Bed,same,NEG,0.7539
487800339,sleep,much,NEG,1.0
487800339,money,losing,NEG,1.0
487800339,advertising,False,NEG,1.0
484045580,place,poor,NEG,1.0
484045580,pool,near,POS,0.9999
484045580,rooms,reeked,NEG,0.8058
484045580,staff,smell,NEG,0.9297
484045580,Aircon,worked,NEG,0.6238
484045580,aircon,small,NEG,0.9945
469745566,position,great,POS,1.0
469745566,Rooms,passable,POS,1.0
469745566,pool,great,POS,1.0
469737928,hotel,cheap,POS,1.0
469737928,Mostly,clean,POS,0.5318
469737928,bathroom,moldy,NEG,1.0
469737928,tiles,broken,NEG,1.0
469737928,tiles,chlorine,NEG,0.977
469737928,places,cheap,POS,1.0
469737928,shops,WINNER,POS,0.8867
468427364,hotel,stay,NEU,0.9998
468427364,staff,nice,POS,1.0
468427364,food,good,POS,1.0
468427364,room,bad,NEG,1.0
468427364,room,serviced,POS,1.0
468427364,staff,perfect,POS,1.0
449463370,airport,close,POS,1.0
449463370,Rooms,clean,POS,1.0
440242532,hotel,worst,NEG,1.0
440242532,room,clean,POS,1.0
440242532,luck,bad,NEG,1.0
440242532,bathroom,mould,NEG,1.0
436490995,AC,old,NEG,1.0
436490995,breakfast,wholesome,POS,1.0
436490995,breakfast,Advisable,POS,0.9997
436490995,location,great,POS,1.0
421666154,staff,nice,POS,1.0
421666154,Room,clean,POS,1.0
400245105,hotel,booked,NEU,1.0
400245105,Breakfast,minimum,POS,0.9008
400245105,room,booked,NEU,1.0
400245105,bed,installed,POS,1.0
400245105,sheets,torn,NEG,1.0
400245105,towels,got,NEU,0.673
400245105,storage,carnage,NEG,1.0
399009358,staff,friendly,POS,1.0
399009358,fridge,spacious,POS,0.6171
399009358,staff,spacious,POS,0.714
399009358,night,fine,POS,1.0
399009358,resorts,big,POS,1.0
378887527,location,close,POS,0.714
378887527,rooms,big,POS,1.0
378887527,bed,comfortable,POS,1.0
378887527,furniture,outdated,NEG,1.0
378887527,Breki,basic,NEU,0.8021
378887527,breakfast,good,POS,1.0
378887527,surrounds,green,NEG,1.0
359207316,oasis,Lovely,POS,1.0
359207316,breakfast,Nice,POS,1.0
359207316,area,relaxing,POS,1.0
359207316,wifi,No,NEG,1.0
359207316,Rooms,simple,POS,1.0
359207316,Rooms,clean,POS,1.0
359207316,airco,good,POS,1.0
356693973,Linen,tired,NEG,1.0
356693973,Linen,grubby,NEG,1.0
356693973,kettle,No,NEG,1.0
356693973,cups,No,NEG,1.0
356693973,coffee,No,NEG,1.0
356693973,Shower,wet,NEG,1.0
356693973,Breakfast,poor,NEG,1.0
356693973,Breakfast,uninteresting,NEG,1.0
356693973,Staff,helpful,NEG,0.8532
356693973,hotel,frequented,NEG,1.0
356693973,priced,low,POS,1.0
326172495,stay,2nd,NEG,0.7347
326172495,hotel,classic,POS,0.9971
326172495,location,great,POS,1.0
326172495,staff,friendly,POS,1.0
326172495,rooms,adequate,POS,0.9935
326172495,rooms,large,POS,1.0
326172495,Linen,old,NEG,1.0
326172495,towels,cleaned,POS,1.0
326172495,breakfast,small,NEG,0.9999
326172495,place,great,POS,1.0
318779413,rooms,enjoyed,POS,1.0
318779413,Breakfast,included,POS,1.0
318779413,Breakfast,limited,NEG,1.0
318779413,Breakfast,fresh,POS,0.9999
318779413,Pool,chlorinated,NEG,1.0
318779413,budget,wise,NEG,0.588
310898974,staff,ignored,NEG,1.0
310898974,room,available,POS,0.8336
310898974,reception,upset,NEG,1.0
310898974,job,good,POS,0.9943
310898974,room,great,POS,1.0
310898974,breakfast,great,POS,1.0
305795132,stay,nearby,POS,1.0
305795132,price,fair,NEU,0.545
305795132,grounds,beautiful,POS,1.0
305795132,room,nice,POS,1.0
305795132,atmosphere,relaxed,POS,1.0
305795132,atmosphere,peaceful,POS,1.0
305795132,place,Great,POS,1.0
298476491,room,Nice,POS,1.0
298476491,room,clean,POS,1.0
298476491,staff,friendly,POS,1.0
298476491,WiFi,ok,NEU,1.0
298476491,pool,Large,POS,1.0
298476491,pool,deep,POS,0.9998
298476491,night,quiet,POS,1.0
298476491,beach,walk,POS,1.0
298476491,supermarket,new,POS,0.8945
294579489,rooms,Clean,POS,1.0
294579489,rooms,comfortable,POS,1.0
294579489,leg,injury,NEG,0.857
294579489,Bakung,recommended,POS,1.0
294579489,staff,fantastic,POS,1.0
294579489,people,surprising,POS,1.0
278503593,room,budget,POS,1.0
278503593,room,standard,NEU,1.0
278503593,service,excellent,POS,1.0
278503593,staff,polite,POS,1.0
277990684,reveiws,crictical,NEG,1.0
277990684,hotel,budget,POS,1.0
277990684,Rooms,large,POS,1.0
277990684,Rooms,clean,POS,1.0
277990684,beds,comfy,POS,1.0
277990684,meals,cheap,POS,1.0
277990684,meals,tasty,POS,1.0
277990684,range,limited,NEG,1.0
277990684,Bintangs,Large,POS,1.0
274323166,hotel,budget,POS,1.0
274323166,room,clean,POS,1.0
274323166,bathroom,clean,POS,1.0
274323166,Furniture,rickety,NEG,1.0
274323166,Furniture,ok,NEU,0.5602
274323166,it,gaps,NEG,0.9987
274323166,mozzies,careful,NEG,1.0
274323166,staff,friendly,POS,1.0
274323166,staff,helpful,POS,1.0
274323166,meals,Cheap,POS,1.0
274323166,drinks,Cheap,POS,1.0
274323166,Kuta,central,POS,0.862
268192369,pool,chlorine,NEG,1.0
268192369,noodles,Fried,NEG,1.0
268192369,view,garden,POS,0.9945
268192369,shower,broken,NEG,1.0
268192369,water,cold,NEG,1.0
268192369,tiles,brown,NEG,0.6041
268192369,tiles,stains,NEG,0.8075
268192369,staff,clean,POS,1.0
268192369,room,clean,POS,1.0
268192369,cutlery,dirty,NEG,1.0
264350300,Staff,friendly,POS,1.0
264350300,pool,nice,POS,1.0
264350300,location,liked,POS,1.0
264350300,beds,comfy,POS,1.0
251045762,hotel,old,NEG,1.0
251045762,room,dirty,NEG,1.0
251045762,Bathroom,smelled,NEG,1.0
251045762,urine,stale,NEG,0.9999
251045762,Staff,pleasant,POS,1.0
251045762,location,Excellent,POS,1.0
228938603,rooms,unclean,NEG,1.0
228938603,Pool,good,POS,1.0
222500356,Rooms,clean,POS,1.0
222500356,Staff,friendly,POS,0.9965
222500356,Surf,close,POS,1.0
222500356,price,good,POS,1.0
222500356,value,Good,POS,1.0
222500356,stayed,perfect,POS,1.0
222500356,hotel,perfect,POS,0.9999
211469461,airport,close,POS,1.0
211469461,facilities,old,NEG,1.0
211469461,staff,nice,POS,1.0
211469461,staff,friendly,POS,1.0
211469461,price,cheap,POS,1.0
205598735,Reception,awkward,NEG,1.0
205598735,Checked,quickly,POS,1.0
205598735,room,great,POS,1.0
205598735,bathroom,Big,POS,1.0
205598735,balcony,cute,POS,0.9997
205598735,Breakfast,good,POS,1.0
201973091,pool,no,NEG,1.0
201973091,doors,thin,NEG,1.0
201973091,walls,thin,NEG,1.0
201973091,Kuta,expensive,NEG,1.0
201973091,bathroom,terrible,NEG,1.0
183584869,Bed,old,NEG,1.0
183584869,sheets,plastic,NEG,0.9981
183584869,sheets,small,NEG,1.0
183584869,blankets,old,NEG,1.0
183584869,blankets,scratchy,NEG,1.0
183584869,Bathroom,dirty,NEG,1.0
183584869,food,awful,NEG,1.0
183584869,meals,inedible,NEG,0.9993
183584869,gardens,lovely,POS,1.0
183135102,breakfast,perfect,POS,1.0
183135102,website,reasonable,NEU,1.0
183135102,website,happy,POS,0.5959
183135102,walls,thin,NEG,0.9998
183135102,noise,plenty,POS,0.9987
183135102,we,exhausted,POS,0.3626
183135102,we,quiet,POS,1.0
181321664,price,250,NEU,0.7402
181321664,cost,low,POS,1.0
181321664,breakfast,included,POS,0.9725
181321664,room,large,POS,1.0
181321664,room,clean,POS,1.0
181321664,room,comfort,POS,1.0
181321664,breakfast,delicious,POS,1.0
181321664,location,near,POS,1.0
181321664,beach,near,POS,0.7275
181321664,hotel,com,POS,1.0
179872006,room,spacious,POS,1.0
179872006,aircon,basic,NEU,1.0
179872006,breakfast,basic,NEU,1.0
179872006,pool,nice,POS,1.0
179872006,staff,friendly,POS,1.0
179872006,staff,polite,POS,1.0
179872006,breakfast,basic,NEU,1.0
179872006,breakfast,better,POS,1.0
178230231,airport,close,POS,0.9718
178230231,hotel,booked,NEU,0.9788
178230231,room,speedy,POS,1.0
178230231,room,clean,POS,1.0
178230231,bathroom,clean,POS,1.0
178230231,room,spacious,POS,1.0
178230231,bathroom,spacious,POS,1.0
178230231,Breakfast,adequate,POS,0.9995
178230231,room,adequate,POS,0.9996
178230231,outings,breeze,POS,1.0
178230231,activities,Lots,POS,1.0
176982732,excuse,poor,NEG,0.9756
176982732,hotel,poor,NEG,0.9859
176982732,room,basic,NEU,1.0
176982732,room,average,NEU,1.0
176982732,linen,gross,NEG,1.0
176982732,Breakfast,disgusting,NEG,1.0
176982732,staff,nice,POS,1.0
166118244,bar,excellent,POS,1.0
166118244,restaurant,excellent,POS,1.0
166118244,pool,excellent,POS,1.0
166118244,rooms,cost,NEG,0.9986
166118244,rooms,refurbished,POS,0.9977
166118244,location,downfall,NEG,0.9827
166118244,taxis,cheap,POS,1.0
166118244,deal,have,NEU,0.9361
165654112,hotel,fantastic,POS,1.0
165654112,kuta,Quieter,POS,0.9806
165654112,value,great,POS,1.0
165654112,staff,friendly,POS,1.0
165654112,rooms,clean,POS,1.0
165654112,holiday,affordable,POS,1.0
165654112,it,loves,POS,1.0
161845077,wifi,free,POS,1.0
161845077,wifi,fantastic,POS,0.999
161845077,places,best,POS,0.8965
161845077,TV,new,POS,1.0
151541801,facade,great,POS,1.0
151541801,ACs,junk,NEG,1.0
151541801,rooms,ok,NEU,0.9999
151541801,breakfast,good,POS,1.0
151541801,pool,inviting,POS,1.0
151541801,staffs,nice,POS,1.0
151347492,room,nervous,NEG,1.0
151347492,room,good,POS,1.0
151347492,room,clean,POS,1.0
151347492,linen,white,POS,0.7271
151347492,towels,white,POS,0.5209
151347492,rooms,clean,POS,1.0
151347492,everything,Close,POS,1.0
151347492,Breakfast,OK,NEU,1.0
151347492,money,worth,POS,1.0
151347492,building,new,POS,1.0
151347492,building,Old,NEG,1.0
151347492,building,renovating,NEG,1.0
151347492,renovations,Lots,POS,1.0
136254996,staff,nice,POS,1.0
136254996,location,nice,POS,1.0
136254996,staff,suitable,POS,1.0
136254996,location,suitable,POS,1.0
136254996,beach,stroll,POS,0.9991
136254996,shops,quaint,POS,1.0
136254996,deal,great,POS,1.0
136254996,pool,nice,POS,1.0
136254996,staff,helpful,POS,1.0
136254996,value,Great,POS,1.0
124128519,hotel,worst,NEG,0.9694
124128519,hotel,worst,NEG,0.9999
124128519,food,bad,NEG,0.9999
84019555,hotel,old,NEG,0.9501
84019555,bedrooms,standard,NEU,1.0
84019555,bed,bugs,NEG,1.0
84019555,bed,beasties,NEG,0.9982
84019555,rooms,change,POS,1.0
84019555,massages,best,POS,1.0
84019555,staff,friendly,POS,1.0
53615613,area,love,POS,1.0
53615613,restaurants,nice,POS,1.0
53615613,pool,well,NEG,0.6745
53615613,room,old,NEG,1.0
53615613,room,disrepair,NEG,0.9745
53615613,room,smelled,NEG,1.0
53615613,room,smell,NEG,1.0
53615613,stay,tempting,POS,0.9995
53615613,location,tempting,POS,0.8281
53615613,price,low,POS,1.0
35996426,hotel,flash,POS,1.0
35996426,kitchen,cats,NEG,1.0
35996426,room,better,NEG,0.388
35996426,ariconditioner,leaking,NEG,0.9946
35996426,hotels,moving,POS,0.7312
30701612,place,smelly,NEG,1.0
30701612,sheets,smelly,NEG,0.9929
30701612,Manager,Spoke,POS,0.9298
712505599,Room,clean,POS,1.0
712505599,bathroom,smelt,NEG,0.9958
712505599,bathroom,clean,POS,0.9992
712505599,batteries,suspected,NEG,1.0
712505599,Youtube,goodness,POS,1.0
712505599,books,goodness,POS,1.0
712505599,grounds,lovely,POS,1.0
712505599,pool,attractive,POS,1.0
712505599,eateries,nice,POS,1.0
706151171,stay,soon,POS,0.9964
706151171,price,fantastic,POS,1.0
706151171,location,fantastic,POS,1.0
684471197,hotel,Cheapish,POS,0.994
684471197,location,great,POS,1.0
684471197,beach,near,POS,0.908
684471197,pool,Nice,POS,1.0
684471197,sheets,dirty,NEG,1.0
684471197,pillow,dirty,NEG,1.0
684471197,sheets,smelly,NEG,1.0
684471197,pillow,smelly,NEG,1.0
684471197,cleaners,friendly,POS,1.0
684471197,Fridge,worked,POS,1.0
684471197,lid,broken,NEG,1.0
684471197,shower,worked,POS,0.9918
684471197,price,mould,NEG,0.6409
684471197,shower,mould,NEG,0.9727
684471197,Balcony,nice,POS,1.0
684471197,hotel,quite,POS,1.0
673476860,cleanliness,fine,NEU,0.4949
673476860,it,fine,NEU,0.9888
673476860,room,new,POS,1.0
673476860,room,spacious,POS,1.0
673476860,bed,comfy,POS,1.0
673476860,linen,clean,POS,1.0
673476860,breakfast,average,NEU,1.0
673476860,gardens,lovely,POS,1.0
673476860,pool,lovely,POS,1.0
669958751,hotel,Wonderful,POS,1.0
669958751,restaurants,cozy,POS,1.0
669958751,room,beautiful,POS,1.0
669958751,stay,loved,POS,1.0
669958751,staff,friendly,POS,1.0
669958751,staff,helpful,POS,1.0
669648489,place,crap,NEG,1.0
669648489,sewage,Smelt,NEG,1.0
669648489,Food,disgusting,NEG,1.0
669648489,service,No,NEG,1.0
669648489,tables,new,POS,1.0
635037169,rooms,Reasonable,POS,1.0
635037169,terrace,nice,POS,1.0
635037169,people,friendly,POS,1.0
635037169,bed,good,POS,1.0
635037169,Breakfast,basic,NEU,1.0
635037169,airport,near,POS,1.0
635037169,Courtyard,green,POS,0.4655
635037169,girl,Good,POS,0.9972
635037169,price,Good,POS,0.995
633372594,Beds,Positives,POS,0.6387
633372594,room,lucky,POS,1.0
633372594,rooms,nice,POS,1.0
633372594,bathroom,awful,NEG,1.0
633372594,drapes,Moldy,NEG,0.9989
633372594,water,wet,NEG,0.9999
633372594,staff,nice,POS,1.0
633372594,orders,young,NEG,0.4652
621611049,hotel,Cheap,POS,1.0
621611049,hotel,cheerful,POS,1.0
621611049,location,Great,POS,1.0
621611049,shops,great,POS,0.9432
621611049,laundry,great,POS,1.0
621611049,Breakfast,ok,NEU,1.0
621611049,Mall,Next,POS,1.0
621611049,Stairs,slippery,NEG,1.0
621611049,value,great,POS,1.0
592847041,prices,affordable,POS,1.0
592847041,rooms,basic,NEU,1.0
592847041,pool,good,POS,1.0
592847041,location,Prime,POS,1.0
586897331,hotel,good,POS,1.0
586897331,Staff,nice,POS,1.0
586897331,room,nice,POS,0.9198
586897331,room,confortable,POS,1.0
586897331,room,clean,POS,1.0
586897331,localisation,Good,POS,1.0
586897331,hotel,advise,POS,0.9924
565250884,hotel,worst,NEG,0.8151
565250884,hotel,filtiest,NEG,1.0
565250884,ceiling,Fungus,NEG,1.0
565250884,wall,Fungus,NEG,1.0
565250884,ceiling,mold,NEG,1.0
565250884,wall,mold,NEG,1.0
565250884,rooms,clean,POS,1.0
565250884,sheets,clean,POS,1.0
565250884,ceiling,mold,NEG,1.0
565250884,manager,friendly,POS,1.0
565250884,hotel,creeps,NEG,1.0
513902760,breakfast,simple,NEU,1.0
513902760,rooms,degraded,NEG,1.0
513902760,conditions,simple,NEU,1.0
510846660,room,terrible,NEG,0.9999
510846660,food,bad,NEG,0.9997
510846660,place,terrible,NEG,0.9364
506099272,ambience,good,POS,1.0
506099272,pool,great,POS,1.0
506099272,beach,close,POS,1.0
506099272,resort,close,POS,1.0
467123462,location,love,POS,1.0
467123462,Food,ok,NEU,1.0
467123462,price,affordable,POS,1.0
467123462,conditioning,leaking,NEG,1.0
467123462,wifi,poor,NEG,1.0
467123462,wifi,rely,NEG,1.0
458419269,bathroom,wet,NEG,1.0
458419269,beds,Rockhard,NEG,1.0
458419269,breakfast,Sad,NEG,1.0
440243057,hotels,worst,NEG,1.0
440243057,money,horrific,NEG,1.0
440243057,staff,poor,NEG,1.0
440243057,location,poor,NEG,1.0
426023116,airport,close,POS,1.0
426023116,Rooms,clean,POS,1.0
426023116,Rooms,basic,NEU,1.0
426023116,Breakfast,basic,NEU,1.0
426023116,beers,cold,NEG,1.0
423382034,price,basic,NEU,0.9992
423382034,beach,walk,POS,0.9999
423382034,position,great,POS,1.0
416051387,time,crappy,NEG,1.0
416051387,renovations,noisy,NEG,0.9341
416051387,view,old,NEG,0.5285
416051387,rubbish,broken,NEG,0.8552
416051387,room,mouldy,NEG,1.0
416051387,smell,musty,NEG,0.8576
415518511,staff,friendly,POS,1.0
415518511,staff,helpful,POS,1.0
415518511,staff,happy,POS,1.0
415518511,breakfast,reasonable,NEU,0.6266
415518511,pool,murky,NEG,1.0
415518511,water,stinging,NEG,1.0
415518511,water,clear,POS,1.0
415518511,water,normal,NEU,1.0
415518511,water,blue,NEG,0.9983
415518511,number,standard,NEU,0.9837
415518511,guest,standard,NEU,0.9971
412963629,visiting,disappointed,NEG,0.8651
412963629,linen,clean,POS,1.0
412963629,bed,comfy,POS,1.0
412963629,pool,disappointment,NEG,1.0
412963629,atmosphere,dull,NEG,1.0
412963629,price,near,POS,0.5777
412608777,staff,friendly,POS,1.0
412608777,staff,helpful,POS,1.0
412608777,lcd,had,NEU,1.0
412608777,Aircon,worked,POS,1.0
412608777,balcony,Big,POS,1.0
412608777,room,cleaned,POS,1.0
412510548,hotel,staying,NEU,1.0
412510548,located,close,POS,1.0
412510548,pool,nice,POS,1.0
412510548,breakfast,good,POS,0.9971
412510548,staff,nice,POS,1.0
412510548,staff,helpful,POS,1.0
410826776,staff,amazing,POS,1.0
410826776,spas,great,POS,1.0
409917693,Floors,sticky,NEG,1.0
409917693,bathroom,mouldy,NEG,1.0
409917693,it,use,NEG,0.9186
409917693,room,No,NEG,0.9997
409917693,Aircon,miss,NEG,1.0
409917693,internet,no,NEG,1.0
409917693,here,Hated,NEG,1.0
405943768,rooms,Spacious,POS,1.0
405943768,staff,friendly,POS,1.0
405943768,pool,nice,POS,1.0
405943768,area,like,POS,1.0
405943768,Omelets,good,POS,1.0
405943768,breakfast,good,POS,1.0
405943768,Room,serviced,POS,0.9662
400645716,place,hard,NEG,1.0
400645716,room,terrible,NEG,1.0
400645716,breakfast,ordinary,NEU,1.0
400645716,staff,great,POS,0.9432
400645716,staff,friendly,POS,0.992
382843184,reception,different,NEG,1.0
382843184,people,friendly,POS,1.0
382843184,people,helpful,POS,1.0
382843184,room,large,POS,1.0
382843184,room,clean,POS,1.0
382843184,toilet,wet,NEG,1.0
382843184,shelf,No,NEG,1.0
382843184,balcony,Big,POS,1.0
382843184,airconditioning,adequate,POS,1.0
382843184,restaurants,buzzing,POS,0.9433
382843184,Kuta,center,POS,0.9997
380189440,woman,rude,NEG,1.0
380189440,mattress,stained,NEG,1.0
380189440,sheets,small,NEG,1.0
380189440,pool,green,NEG,1.0
380189440,ear,infection,NEG,0.6704
380189440,tiles,broken,NEG,1.0
380189440,staff,smile,POS,1.0
375447047,price,reasonable,POS,1.0
375447047,cleanness,unsatisfied,NEG,0.9987
375447047,room,unsatisfied,NEG,1.0
375447047,amenities,poor,NEG,1.0
375447047,room,big,POS,1.0
375447047,hotel,disappointed,NEG,1.0
375447047,price,good,POS,1.0
375447047,staffs,unhelpful,NEG,1.0
373582848,rooms,large,POS,1.0
373582848,air,cold,NEU,0.8161
373582848,pool,big,POS,1.0
373582848,Staff,friendly,POS,1.0
373582848,beach,close,POS,1.0
373582848,Breakfast,eat,POS,0.6483
373582848,Breakfast,good,POS,0.9998
373582848,coffee,Endless,NEG,1.0
373582848,tea,Endless,NEG,1.0
373582848,spas,handy,POS,1.0
373582848,shopping,quiet,POS,0.9585
372218158,rooms,dirty,NEG,1.0
372218158,photos,deceiving,NEG,0.9999
372218158,place,deceiving,NEG,1.0
372218158,place,outdated,NEG,1.0
372218158,place,unkept,NEG,1.0
371652288,rooms,large,POS,1.0
371652288,tiles,broken,NEG,1.0
371652288,breakfast,ok,NEU,1.0
371652288,restaurants,like,POS,0.9997
371652288,bars,like,POS,0.9998
365890115,holiday,pleasant,POS,1.0
365890115,staff,beautiful,POS,1.0
365890115,Breakfast,enjoyable,POS,1.0
365890115,pool,sunny,NEG,1.0
365890115,pool,clean,POS,1.0
365890115,pool,dirty,NEG,1.0
365890115,Rooms,aged,NEG,1.0
365890115,linen,aged,NEG,0.9859
365890115,Rooms,lovely,POS,1.0
365890115,linen,lovely,POS,1.0
365890115,Rooms,clean,POS,1.0
365890115,linen,clean,POS,1.0
364504579,here,stayed,NEU,0.9892
364504579,room,large,POS,0.9983
364504579,aircon,large,POS,0.9563
364504579,TV,large,POS,0.7169
364504579,room,clean,POS,1.0
364504579,cereal,no,NEG,1.0
364504579,egg,no,NEG,1.0
364504579,bacon,no,NEG,1.0
364504579,pool,beautiful,POS,1.0
364504579,pool,large,POS,0.8485
361731324,staff,rude,NEG,1.0
361731324,room,not,NEG,1.0
361731324,breakfast,poor,NEG,1.0
361731324,tiles,broken,NEG,1.0
336333562,Here,OK,POS,0.9913
336333562,rooms,great,POS,0.9443
336333562,rooms,clean,POS,0.9997
336333562,staff,great,POS,1.0
336333562,location,great,POS,1.0
336333562,Breakfast,average,NEU,1.0
336333562,bacon,nice,POS,1.0
336333562,Pool,great,POS,1.0
336333562,gardens,nice,POS,1.0
336333562,AIRCON,Clean,POS,1.0
336333562,airport,minutes,POS,0.9811
336333562,SAFES,NO,NEG,0.9982
336333562,hotel,use,NEG,0.9691
336333562,staff,great,POS,1.0
334514834,hotel,Good,POS,1.0
334514834,breakfast,nice,POS,0.8417
334514834,airco,nice,POS,0.8774
334514834,bed,good,POS,1.0
334514834,bathroom,smell,NEG,1.0
334514834,staff,Friendly,POS,1.0
334514834,view,nice,POS,1.0
304902620,hotel,clean,POS,1.0
304902620,park,nice,POS,1.0
304902620,pool,great,POS,1.0
304902620,airport,near,POS,1.0
297686579,hotel,Stayed,NEU,1.0
297686579,Pool,chlorine,NEG,1.0
297686579,Staff,slow,NEG,1.0
297686579,room,clean,POS,1.0
297686579,it,Love,POS,1.0
297686579,people,young,POS,0.9753
295880012,staff,friendly,POS,1.0
295880012,location,perfect,POS,1.0
295880012,warungs,good,POS,0.9959
295880012,wifi,free,POS,1.0
295880012,atmosphere,relaxing,POS,1.0
295880012,ladies,lovely,POS,1.0
293166032,staffs,friendly,POS,1.0
293166032,room,spacious,POS,1.0
293166032,bathroom,clean,POS,1.0
293166032,pool,nice,POS,1.0
293166032,parking,quiet,POS,1.0
293166032,beach,nice,POS,0.9962
293166032,beach,quiet,POS,1.0
293166032,airport,transfer,POS,0.7776
274932870,hotel,disappointment,NEG,1.0
274932870,Wifi,no,NEG,1.0
274932870,service,ok,NEU,1.0
274932870,Breakfast,average,NEU,0.9975
274932870,pool,ok,NEU,1.0
274923658,location,Perfect,POS,1.0
274923658,price,Good,POS,1.0
274923658,facilities,Good,POS,1.0
269825412,hotel,stayed,NEU,0.9242
269825412,traffic,nightmare,NEG,0.682
269825412,stories,heard,POS,0.3877
269825412,Rooms,basic,NEU,1.0
269825412,showere,big,POS,0.9998
269825412,bed,comfortable,POS,1.0
269825412,Pool,deep,POS,0.997
269825412,Breakfast,basis,POS,0.7807
269825412,cocktails,reasonably,POS,0.9636
269825412,priced,reasonably,POS,1.0
269825412,corner,overpriced,NEG,0.9998
269825412,beach,walk,POS,1.0
266732643,Beach,cottages,POS,0.5763
266732643,It,clean,POS,0.6507
266732643,It,friendly,POS,0.9993
266732643,It,affordable,POS,0.9982
266732643,wifi,free,POS,1.0
266732643,breakfast,ok,NEU,1.0
266732643,stay,enjoyed,POS,1.0
266732643,money,change,POS,0.9951
258190268,hotel,cheap,POS,1.0
258190268,hotel,nice,POS,1.0
258190268,hotel,tidy,POS,1.0
258190268,location,good,POS,0.9957
258190268,all,down,NEG,0.5448
257576654,stay,loved,POS,1.0
257576654,distance,Walking,POS,1.0
257576654,beach,Walking,POS,1.0
257576654,Wifi,reasonable,POS,1.0
257576654,Wifi,worked,POS,1.0
257576654,water,smelt,NEG,1.0
257576654,Rooms,basic,NEU,1.0
257576654,hotels,fault,NEG,0.8155
257576654,bar,awesome,POS,1.0
257576654,kitchen,awesome,POS,1.0
257576654,stay,Enjoyed,POS,1.0
254001906,drinks,welcome,POS,1.0
254001906,breakfast,limited,NEG,1.0
254001906,waitress,organized,POS,0.716
254001906,waitress,waiter,NEG,0.9999
254001906,pool,love,POS,1.0
241168338,hotel,cheap,POS,1.0
241168338,bathroom,smell,NEG,0.9913
241168338,hotel,great,POS,1.0
241168338,budget,tight,NEG,1.0
241168338,stay,expensive,NEG,1.0
241168338,wifi,com,POS,0.8896
239873433,hotel,ok,POS,1.0
239873433,room,clean,POS,1.0
239873433,room,spacious,POS,1.0
239873433,breakfast,fine,POS,0.7537
239873433,breakfast,good,POS,1.0
239873433,stay,good,POS,1.0
239453375,pool,nice,POS,1.0
239453375,people,mixed,NEG,1.0
239453375,breakfast,good,POS,1.0
239453375,people,Nice,POS,1.0
238581625,bed,arrived,NEU,0.4157
238581625,pool,warm,POS,0.9806
238581625,pool,green,NEG,0.9289
238581625,people,swimming,POS,0.9958
238581625,swimming,no,NEG,1.0
238581625,towels,forgot,NEG,1.0
238581625,breakfast,simple,NEU,1.0
238581625,breakfast,good,POS,1.0
238581625,hotel,fun,POS,1.0
238581625,it,cheap,POS,1.0
237035056,rooms,large,POS,1.0
237035056,furnishings,reasonable,POS,1.0
237035056,furnishings,comfortable,POS,0.7533
237035056,breakfast,ordinary,NEU,1.0
237035056,cost,adequate,POS,1.0
237035056,Warungs,pay,NEG,0.6055
237035056,Warungs,use,NEG,0.5477
237035056,shopping,reasonable,POS,0.5735
237035056,place,pleasant,POS,1.0
237035056,pool,pleasant,POS,1.0
235337008,pros,good,POS,0.9242
235337008,place,perfect,POS,1.0
235337008,environment,intimate,POS,0.9314
235337008,bathroom,dirty,NEG,1.0
235337008,pipes,rusty,NEG,1.0
235337008,staff,lovely,POS,1.0
235337008,Pool,brilliant,POS,1.0
230512202,rooms,cleaned,POS,1.0
230512202,bed,made,POS,1.0
230512202,towels,new,POS,1.0
230512202,Wifi,ok,NEU,1.0
230512202,Wifi,slow,POS,0.9878
230512202,hair,dirty,NEG,1.0
230512202,bed,comfy,POS,1.0
230512202,stay,great,POS,1.0
230495019,hotel,enjoyed,POS,1.0
230495019,staff,excellent,POS,1.0
230495019,location,great,POS,1.0
230495019,airport,close,POS,1.0
230495019,walked,safe,POS,1.0
230495019,time,safe,POS,1.0
230495019,hotel,recommend,POS,1.0
230495019,hotel,clean,POS,1.0
230495019,hotel,friendly,POS,1.0
230495019,staff,friendly,POS,1.0
230495019,price,cheap,POS,1.0
230495019,hotel,reccommend,POS,1.0
229131301,hotel,simple,NEU,1.0
229131301,hotel,affordable,POS,1.0
229131301,breakfast,basic,NEU,1.0
229131301,staff,friendly,POS,1.0
229131301,rooms,clean,POS,1.0
229131301,rooms,tidy,POS,1.0
229131301,rooms,small,NEG,0.9162
228548847,rooms,had,NEU,1.0
228548847,value,Great,POS,1.0
228548847,beach,close,POS,1.0
228548847,shopping,close,POS,1.0
228548847,Room,ok,NEU,1.0
228548847,taxis,getting,NEU,0.9503
200182150,experience,bad,NEG,1.0
200182150,rooms,clean,POS,1.0
200182150,guests,pesks,NEG,0.8277
200182150,maintenance,low,POS,0.5465
200182150,safes,no,NEG,0.9994
196928042,hotel,stayed,NEU,1.0
196928042,room,terrible,NEG,1.0
196928042,sink,clogged,NEG,1.0
196928042,room,no,NEG,1.0
196928042,cleaning,proper,POS,1.0
196928042,location,worried,NEG,1.0
191697636,hotel,budget,POS,1.0
191697636,gardens,manicured,POS,0.9436
191697636,staff,friendly,POS,1.0
191697636,toiletries,no,NEG,1.0
191697636,breakfast,shocking,POS,1.0
191697636,mall,new,POS,1.0
190934414,here,stayed,POS,0.457
190934414,room,fine,NEU,0.9968
190934414,staff,friendly,POS,1.0
190934414,staff,welcoming,POS,1.0
190934414,room,okay,NEU,1.0
190934414,terrace,nice,POS,1.0
190934414,pool,refreshing,POS,1.0
180038621,staff,friendly,POS,1.0
180038621,gardens,maintained,POS,0.9999
180038621,pool,clean,POS,1.0
180038621,room,pleasing,POS,1.0
180038621,towels,worn,NEG,1.0
180038621,sheets,stains,NEG,1.0
180038621,linen,fresher,POS,1.0
176442126,Rooms,basic,NEU,0.9999
176442126,Rooms,clean,POS,1.0
176442126,Linens,clean,POS,1.0
176442126,fridge,clean,POS,1.0
176442126,Staff,friendly,POS,1.0
176442126,Staff,helpful,POS,1.0
176442126,breakfast,adequate,NEU,0.5624
176442126,hotel,drawback,NEG,0.5243
176442126,pool,broken,NEG,1.0
164990291,here,stayed,POS,0.5922
164990291,hotel,happy,POS,0.9997
164990291,hotel,love,POS,0.9999
164990291,money,value,POS,0.9223
164990291,service,gret,POS,0.9987
164990291,people,gorgeous,POS,1.0
164990291,agung,gorgeous,POS,0.9995
164990291,agung,cheeky,POS,0.7427
149541511,shopping,enjoy,POS,1.0
149541511,location,enjoy,POS,1.0
138376431,hotel,cheap,POS,1.0
138376431,shower,awful,NEG,1.0
138376431,holiday,cheap,POS,1.0
138376431,beds,pretty,POS,1.0
138376431,room,comfortable,POS,1.0
138376431,room,nice,POS,0.9973
138376431,bathroom,nice,POS,0.9999
138376431,staff,friendly,POS,1.0
138376431,alley,dark,NEG,0.8705
138376431,alley,daunting,NEG,0.8959
129278205,hotel,old,NEG,1.0
129278205,hotel,dirty,NEG,1.0
129278205,shower,cool,POS,1.0
129278205,shower,relax,POS,1.0
127394269,here,mistake,NEG,0.9999
127394269,room,old,NEG,1.0
127394269,porch,nice,POS,1.0
127394269,location,quiet,POS,0.9764
127394269,pool,old,NEG,1.0
127394269,water,good,POS,1.0
127394269,breakfast,ok,NEU,1.0
127394269,hotel,worst,NEG,0.6146
127394269,hotel,expensive,NEG,0.9997
117058975,Towels,grey,NEG,1.0
117058975,sheets,grey,NEG,1.0
