comment_id,target,opinion,sentiment,confidence,category,top_category_score
886175366,place,pay,POS,0.5336,environment,1.00
886175366,breakfast,incl,NEG,0.9997,food,0.77
886175366,breakfast,substantial,POS,1.0,food,0.77
886175366,room,large,POS,1.0,facility,0.86
886175366,room,clean,POS,1.0,facility,0.86
886175366,air conditioner,good,POS,1.0,facility,0.67
886175366,bathroom,huge,POS,1.0,facility,0.80
886175366,shower,hot,NEG,1.0,facility,1.00
886175366,balcony,big,POS,1.0,facility,0.92
886175366,balcony,bright,POS,1.0,facility,0.92
886175366,balcony,air,POS,1.0,facility,0.92
751602005,room,disappointing,NEG,1.0,facility,0.86
751602005,room,outdated,NEG,1.0,facility,0.86
751602005,amenity,no,NEG,1.0,facility,1.00
751602005,room,cold,NEG,1.0,facility,0.86
751602005,breakfast,minimal,POS,1.0,food,0.77
751602005,resort,nicer,NEG,0.6537,facility,0.88
736659114,stay,hesitant,NEG,0.998,experience,1.00
736659114,room,stayed,NEU,0.3954,facility,0.86
736659114,room,clean,POS,1.0,facility,0.86
736659114,room,cleaners,POS,1.0,facility,0.86
736659114,room,quickly,POS,1.0,facility,0.86
736659114,staff,amazing,POS,1.0,service,1.00
736659114,rate,great,POS,1.0,price,0.82
736659114,supermarket,price,NEG,1.0,environment,0.82
736659114,restaurant,great,POS,1.0,food,1.00
736659114,restaurant,ear,POS,1.0,food,1.00
736659114,cafe,fantastic,POS,1.0,food,0.94
736659114,rib,best,POS,0.8134,food,0.86
736659114,breakfast,included,POS,1.0,food,0.77
736659114,price,basic,NEU,1.0,price,1.00
4393020,deal,package,POS,0.9901,experience,0.77
4393020,location,happy,POS,1.0,environment,1.00
4393020,pool,clean,POS,1.0,facility,1.00
4393020,guest,quiet,POS,0.759,environment,0.71
4393020,shop,basics,NEU,0.6353,experience,1.00
4393020,beach,walking,POS,0.9991,environment,0.67
4393020,bakery,fabulous,POS,1.0,environment,0.86
4393020,shop,western,POS,1.0,experience,1.00
5438719,cottage,loved,POS,1.0,facility,0.88
5438719,budget,good,POS,1.0,price,1.00
5438719,flight,long,NEG,1.0,environment,0.80
5438719,staff,friendly,POS,1.0,service,1.00
5438719,staff,helpful,POS,1.0,service,1.00
5438719,guest,enjoyed,POS,1.0,environment,0.71
5438719,pool,great,POS,1.0,facility,1.00
5438719,staff,rudeness,NEG,0.9995,service,1.00
5438719,conversation,normal,NEU,0.9995,service,0.46
5438719,hotel,safes,POS,1.0,facility,0.93
5438719,hotel,quiet,POS,1.0,facility,0.93
5438719,warung,great,POS,1.0,,
5438719,staff,friendly,POS,1.0,service,1.00
5438719,across,night,POS,1.0,experience,0.50
105053946,beach,booked,NEU,1.0,environment,0.67
105053946,cottage,booked,NEU,0.9996,facility,0.88
105053946,price,booked,NEU,0.9989,price,1.00
105053946,room,basic,NEU,1.0,facility,0.86
105053946,room,old,NEG,0.9966,facility,0.86
105053946,room,cleaners,POS,0.9995,facility,0.86
105053946,fridge,mall,NEG,0.4089,facility,0.53
105053946,pool,enjoyed,POS,1.0,facility,1.00
105053946,lounger,enjoyed,POS,1.0,facility,0.80
340119793,value,great,POS,1.0,price,0.92
340119793,room,great,POS,1.0,facility,0.86
340119793,room,spacious,POS,0.9983,facility,0.86
340119793,balcony,big,POS,0.5371,facility,0.92
340119793,room,cleaners,POS,1.0,facility,0.86
340119793,room,well,POS,0.9999,facility,0.86
340119793,location,good,POS,1.0,environment,1.00
340119793,location,quiet,POS,1.0,environment,1.00
340119793,beach,walked,POS,0.9999,environment,0.67
340119793,room,free,POS,1.0,facility,0.86
124637732,place,good,POS,1.0,environment,1.00
124637732,bed,clean,POS,1.0,facility,0.89
124637732,room,cool,POS,1.0,facility,0.86
124637732,water,clean,POS,1.0,facility,0.92
124637732,garden,amazing,POS,1.0,environment,0.75
124637732,hotel,safes,POS,1.0,facility,0.93
124637732,everyone,friendly,POS,1.0,,
121724578,stay,adequate,POS,1.0,experience,1.00
121724578,room,cool,POS,1.0,facility,0.86
121724578,place,works,NEG,1.0,environment,1.00
117884167,staff,fantastic,POS,1.0,service,1.00
117884167,price,pay,NEG,0.9055,price,1.00
117884167,manager,thanks,POS,1.0,environment,0.71
685101496,view,great,POS,1.0,environment,1.00
685101496,room,quiet,POS,1.0,facility,0.86
685101496,room,comfy,POS,1.0,facility,0.86
685101496,bakung,well,POS,1.0,,
295558103,hotel,works,NEG,1.0,facility,0.93
295558103,stay,expensive,NEG,1.0,experience,1.00
295558103,stay,cheaper,POS,0.9993,experience,1.00
295558103,room,dirty,NEG,1.0,facility,0.86
295558103,sheet,threadbare,NEG,0.9853,facility,0.83
295558103,towel,threadbare,NEG,0.9998,facility,0.71
295558103,colour,dirty,NEG,1.0,facility,0.82
295558103,room,old,NEG,1.0,facility,0.86
295558103,room,depressing,NEG,1.0,facility,0.86
295558103,breakfast,passable,POS,1.0,food,0.77
227816563,place,gem,POS,1.0,environment,1.00
227816563,pool,nice,POS,1.0,facility,1.00
227816563,room,clean,POS,1.0,facility,0.86
227816563,garden,lovely,POS,1.0,environment,0.75
227816563,place,perfect,POS,1.0,environment,1.00
227816563,tile,broken,NEG,1.0,facility,0.71
227816563,breakfast,lean,POS,0.6383,food,0.77
227816563,cat,mangy,NEG,0.9946,environment,0.71
209982822,hotel,comfortable,POS,1.0,facility,0.93
209982822,shop,close,POS,0.9999,experience,1.00
209982822,fridge,mall,NEG,0.8407,facility,0.53
209982822,room,different,POS,0.9999,facility,0.86
107068313,hotel,checked,NEU,1.0,facility,0.93
107068313,room,filthy,NEG,1.0,facility,0.86
107068313,rate,cheaper,POS,0.9996,price,0.82
107068313,place,okay,NEU,1.0,environment,1.00
467159630,reception,decent,POS,0.611,service,1.00
467159630,drink,cold,NEU,0.9129,food,0.91
467159630,room,eat,POS,1.0,facility,0.86
467159630,hotel,eat,POS,0.9987,facility,0.93
467159630,room,clean,POS,1.0,facility,0.86
467159630,hotel,clean,POS,1.0,facility,0.93
467159630,bathroom,big,POS,1.0,facility,0.80
467159630,bathroom,clean,POS,0.9997,facility,0.80
467159630,restaurant,basic,NEU,1.0,food,1.00
467159630,food,amazing,POS,1.0,food,1.00
467159630,hotel,cheap,POS,1.0,facility,0.93
304503322,location,excellent,POS,1.0,environment,1.00
304503322,breakfast,poor,NEG,1.0,food,0.77
304503322,bed,bug,NEG,1.0,facility,0.89
304503322,pool,screaming,NEG,1.0,facility,1.00
304503322,skin,sensitive,NEG,1.0,facility,0.77
304503322,staff,told,POS,0.9984,service,1.00
217696913,property,close,POS,0.9882,facility,0.93
217696913,life,easy,POS,0.8197,experience,0.92
217696913,online,affordable,POS,0.8999,experience,0.50
217696913,comment,bad,NEG,0.999,experience,0.67
217696913,mall,new,POS,1.0,environment,1.00
217696913,resort,luxury,POS,1.0,facility,0.88
207804376,location,great,POS,1.0,environment,1.00
207804376,staff,friendly,POS,1.0,service,1.00
207804376,bathroom,updated,POS,0.9982,facility,0.80
207804376,menu,happy,POS,0.9258,food,0.83
207804376,menu,simple,NEU,0.9999,food,0.83
207804376,lounge,new,POS,1.0,facility,0.89
207804376,shop,clean,POS,0.9881,experience,1.00
207070237,experience,great,POS,1.0,experience,1.00
207070237,hotel,humble,POS,1.0,facility,0.93
207070237,room,dingy,NEG,1.0,facility,0.86
207070237,breakfast,laughable,POS,1.0,food,0.77
207070237,breakfast,value,POS,0.9979,food,0.77
207070237,money,value,POS,0.9937,price,0.88
207070237,airport,close,POS,1.0,environment,1.00
142685672,hotel,old,NEG,1.0,facility,0.93
142685672,washbasin,new,POS,1.0,facility,0.82
142685672,hotel,recommend,POS,1.0,facility,0.93
142685672,manager,friendliness,NEG,0.9999,environment,0.71
142685672,staff,friendliness,NEG,0.9998,service,1.00
142685672,pool,lovely,POS,1.0,facility,1.00
142685672,garden,pretty,POS,1.0,environment,0.75
130559223,sheet,clean,POS,1.0,facility,0.83
130559223,staff,friendly,POS,1.0,service,1.00
130559223,stay,cost,NEG,0.9962,experience,1.00
116001939,here,stayed,NEU,0.9905,environment,0.89
116001939,hotel,beautiful,POS,1.0,facility,0.93
116001939,garden,amazing,POS,1.0,environment,0.75
116001939,pool,great,POS,1.0,facility,1.00
116001939,room,basic,NEU,1.0,facility,0.86
116001939,room,fine,NEU,1.0,facility,0.86
116001939,bed,comfy,POS,1.0,facility,0.89
116001939,shower,good,POS,1.0,facility,1.00
116001939,bathroom,mall,NEG,1.0,facility,0.80
116001939,wall,thin,NEG,1.0,facility,0.86
116001939,staff,friendly,POS,1.0,service,1.00
116001939,staff,helpful,POS,1.0,service,1.00
92852386,stay,enjoyed,POS,1.0,experience,1.00
92852386,staff,fantastic,POS,1.0,service,1.00
92852386,staff,helpful,POS,0.8338,service,1.00
92852386,room,cleaners,POS,1.0,facility,0.86
92852386,room,basic,NEU,1.0,facility,0.86
92852386,balcony,nice,POS,1.0,facility,0.92
92852386,pool,nice,POS,1.0,facility,1.00
92852386,breakfast,pritty,POS,0.7984,food,0.77
92852386,breakfast,basic,NEU,1.0,food,0.77
92852386,breakfast,decent,POS,0.9984,food,0.77
74857121,hotel,cheap,POS,0.9998,facility,0.93
74857121,situate,ideally,POS,1.0,environment,1.00
74857121,bathroom,clean,POS,1.0,facility,0.80
74857121,bathroom,rates,NEG,1.0,facility,0.80
74857121,beach,rates,NEG,0.8492,environment,0.67
74857121,entertainmentt,free,POS,1.0,,
74857121,food,excellent,POS,1.0,food,1.00
29162261,stay,pleased,POS,1.0,experience,1.00
29162261,room,basic,NEU,1.0,facility,0.86
29162261,breakfast,basic,NEU,1.0,food,0.77
29162261,food,good,POS,1.0,food,1.00
29162261,pizza,wasdelicious,NEG,0.9674,food,0.77
493882930,place,horrible,NEG,1.0,environment,1.00
493882930,room,changes,POS,0.9993,facility,0.86
493882930,bathroom,dirty,NEG,1.0,facility,0.80
493882930,breakfast,rubbish,NEG,1.0,food,0.77
493882930,pool,chlorinated,NEG,1.0,facility,1.00
493882930,pool,nice,POS,1.0,facility,1.00
493882930,mall,nice,POS,1.0,environment,1.00
493882930,night,noise,NEG,1.0,experience,0.71
493882930,room,basic,NEU,1.0,facility,0.86
493882930,ceiling,rates,NEG,1.0,facility,0.67
493882930,ceiling,squirrels,NEG,1.0,facility,0.67
492638943,review,ppl,POS,0.3516,experience,0.80
492638943,place,pleased,POS,1.0,environment,1.00
492638943,bathroom,clogged,NEG,1.0,facility,0.80
492638943,breakfast,decent,POS,1.0,food,0.77
492638943,complaint,nothing,POS,1.0,environment,0.71
492638943,place,recommend,POS,1.0,environment,1.00
492638943,place,decent,POS,1.0,environment,1.00
457745719,hotel,love,POS,1.0,facility,0.93
457745719,beach,walked,POS,1.0,environment,0.67
457745719,food,easy,POS,0.836,food,1.00
457745719,airport,ear,POS,1.0,environment,1.00
457745719,mall,next,POS,1.0,environment,1.00
457745719,room,big,POS,1.0,facility,0.86
324315173,time,fabulous,POS,1.0,experience,0.92
324315173,view,fabulous,POS,1.0,environment,1.00
324315173,room,clean,POS,1.0,facility,0.86
324315173,room,comfortable,POS,1.0,facility,0.86
324315173,room,tidy,POS,1.0,facility,0.86
324315173,shower,low,NEG,0.9975,facility,1.00
324315173,staff,lovely,POS,1.0,service,1.00
324315173,staff,welcoming,POS,1.0,service,1.00
324315173,breakfast,enjoyed,POS,1.0,food,0.77
324315173,pool,enjoyed,POS,1.0,facility,1.00
324315173,location,excellent,POS,1.0,environment,1.00
323343135,hotel,fine,POS,1.0,facility,0.93
323343135,hotel,good,POS,1.0,facility,0.93
323343135,staff,great,POS,1.0,service,1.00
323343135,food,good,POS,1.0,food,1.00
323343135,shop,central,POS,0.9999,experience,1.00
323343135,restaurant,central,POS,1.0,food,1.00
298999201,room,clean,POS,1.0,facility,0.86
298999201,ground,eat,POS,1.0,environment,0.95
298999201,ground,tidy,POS,1.0,environment,0.95
298999201,staff,friendly,POS,1.0,service,1.00
298999201,food,good,POS,1.0,food,1.00
298999201,price,good,POS,1.0,price,1.00
298999201,location,good,POS,1.0,environment,1.00
298999201,money,worth,POS,0.8087,price,0.88
250458639,value,excellent,POS,0.6633,price,0.92
250458639,location,great,POS,1.0,environment,1.00
250458639,room,spacious,POS,1.0,facility,0.86
250458639,bed,hard,NEG,0.9999,facility,0.89
250458639,bed,comfy,POS,1.0,facility,0.89
250458639,pillow,extra,POS,1.0,facility,0.71
250458639,bed,bugs,NEG,1.0,facility,0.89
250458639,bathroom,smell,NEG,1.0,facility,0.80
250458639,towel,old,NEG,1.0,facility,0.71
250458639,towel,clean,POS,1.0,facility,0.71
250458639,pool,deep,NEG,1.0,facility,1.00
250458639,rain,green,NEG,1.0,food,0.46
250458639,price,reasonable,POS,0.8793,price,1.00
250458639,breakfast,â€“,POS,0.5092,food,0.77
250458639,stay,boring,NEG,0.8308,experience,1.00
250458639,staff,fantastic,POS,1.0,service,1.00
247485586,room,comfortable,POS,1.0,facility,0.86
247485586,pool,excellent,POS,1.0,facility,1.00
247485586,fruit,section,NEU,0.9981,facility,0.71
247485586,coffee,section,NEU,0.5283,food,0.83
247485586,food,great,POS,1.0,food,1.00
247485586,price,great,POS,1.0,price,1.00
247485586,kuta,walked,POS,0.8535,,
247485586,mall,large,POS,0.993,environment,1.00
237192799,room,acceptable,POS,1.0,facility,0.86
237192799,floor,filthy,NEG,1.0,facility,0.92
237192799,sandy,gross,NEG,1.0,experience,0.50
237192799,grout,gross,NEG,1.0,facility,0.67
237192799,wardrobe,smell,NEG,1.0,facility,0.94
237192799,wardrobe,terrible,NEG,1.0,facility,0.94
237192799,light,appalling,NEG,0.9987,environment,0.83
237192799,room,flicker,NEG,0.8802,facility,0.86
237192799,room,dark,NEG,0.84,facility,0.86
214747320,hotel,cheap,POS,1.0,facility,0.93
214747320,location,good,POS,1.0,environment,1.00
214747320,room,reasonable,POS,1.0,facility,0.86
214747320,room,clean,POS,1.0,facility,0.86
214747320,pool,mall,NEG,1.0,facility,1.00
214747320,breakfast,limited,NEG,1.0,food,0.77
214747320,staff,great,POS,1.0,service,1.00
214747320,staff,helpfull,POS,1.0,service,1.00
207448181,hotel,amazing,POS,1.0,facility,0.93
207448181,price,amazing,POS,0.9999,price,1.00
207448181,hotel,closer,POS,1.0,facility,0.93
207448181,location,great,POS,1.0,environment,1.00
207448181,shop,great,POS,1.0,experience,1.00
207448181,pool,fantastic,POS,1.0,facility,1.00
207448181,room,clean,POS,1.0,facility,0.86
207448181,room,modern,POS,1.0,facility,0.86
207448181,wifi,free,POS,1.0,facility,0.63
207448181,breakfast,ok,NEU,1.0,food,0.77
201968109,hotel,nice,POS,1.0,facility,0.93
201968109,hotel,clean,POS,1.0,facility,0.93
201968109,hotel,cheap,POS,1.0,facility,0.93
201968109,room,big,POS,1.0,facility,0.86
201968109,shower,comfortable,POS,0.9468,facility,1.00
186211023,review,disagree,NEG,0.9997,experience,0.80
186211023,hotel,improved,POS,1.0,facility,0.93
186211023,staff,smiling,POS,1.0,service,1.00
186211023,staff,friendly,POS,1.0,service,1.00
186211023,room,renovated,POS,1.0,facility,0.86
186211023,establishment,fairly,POS,1.0,service,0.92
184207132,deal,cheap,POS,1.0,experience,0.77
184207132,room,large,POS,1.0,facility,0.86
184207132,room,clean,POS,1.0,facility,0.86
184207132,room,spacious,POS,1.0,facility,0.86
184207132,bed,comfy,POS,1.0,facility,0.89
184207132,hotel,central,POS,1.0,facility,0.93
184207132,service,fantastic,POS,1.0,service,1.00
184207132,staff,warm,POS,1.0,service,1.00
184207132,staff,welcoming,POS,1.0,service,1.00
184207132,staff,helpful,POS,1.0,service,1.00
176944786,drink,welcome,POS,1.0,food,0.91
176944786,porter,nice,POS,1.0,service,0.95
176944786,security,nice,POS,1.0,service,1.00
176944786,room,ok,POS,0.9773,facility,0.86
176944786,wardrobe,clean,POS,1.0,facility,0.94
176944786,shower,clean,POS,0.7556,facility,1.00
176944786,room,cleaners,POS,1.0,facility,0.86
176944786,wifi,free,POS,1.0,facility,0.63
176944786,wifi,good,POS,1.0,facility,0.63
176944786,breakfast,paid,POS,0.7223,food,0.77
176944786,restaurant,rate,NEU,0.9999,food,1.00
171419976,resort,impressive,POS,1.0,facility,0.88
171419976,kuta,central,POS,1.0,,
171419976,staff,friendly,POS,1.0,service,1.00
171419976,room,basic,NEU,1.0,facility,0.86
171419976,bed,comfortable,POS,1.0,facility,0.89
171419976,pool,nice,POS,1.0,facility,1.00
171419976,budget,great,POS,1.0,price,1.00
171419976,value,great,POS,1.0,price,0.92
171419976,place,suits,POS,1.0,environment,1.00
150752275,room,efficiently,POS,1.0,facility,0.86
150752275,price,reasonable,POS,1.0,price,1.00
150752275,staff,kind,POS,1.0,service,1.00
150752275,entrance,grand,POS,1.0,environment,0.93
150752275,room,comfortable,POS,1.0,facility,0.86
150752275,space,liked,POS,0.9999,environment,0.89
150752275,atmosphere,un,NEG,1.0,environment,1.00
150752275,atmosphere,pretentious,NEG,1.0,environment,1.00
150752275,atmosphere,enjoying,POS,1.0,environment,1.00
150752275,location,enjoying,POS,1.0,environment,1.00
150752275,price,comfort,POS,0.5497,price,1.00
148688286,hotel,nice,POS,1.0,facility,0.93
148688286,lady,unfriendly,NEG,1.0,environment,0.71
148688286,room,ok,NEG,0.3975,facility,0.86
148688286,room,given,NEU,1.0,facility,0.86
148688286,cash,required,NEG,0.952,price,0.82
148688286,deposit,required,NEG,0.9326,facility,0.92
130403625,place,old,NEG,0.9999,environment,1.00
130403625,place,cheap,POS,0.9996,environment,1.00
130403625,room,clean,POS,1.0,facility,0.86
130403625,bathroom,clean,POS,1.0,facility,0.80
130403625,towel,clean,POS,1.0,facility,0.71
130403625,towel,grey,NEG,1.0,facility,0.71
130403625,pool,lovely,POS,0.9999,facility,1.00
130403625,ground,lovely,POS,1.0,environment,0.95
130403625,staff,polite,POS,1.0,service,1.00
130403625,budget,recommend,POS,0.7608,price,1.00
130403625,coffee,no,NEG,1.0,food,0.83
130403625,water,no,NEG,0.9491,facility,0.92
596478186,pool,big,POS,1.0,facility,1.00
596478186,room,large,POS,1.0,facility,0.86
596478186,stay,good,POS,1.0,experience,1.00
596478186,stay,tired,NEG,0.7757,experience,1.00
596478186,tile,missing,NEG,0.8176,facility,0.71
596478186,pool,missing,NEG,0.5018,facility,1.00
581303283,room,clean,POS,1.0,facility,0.86
581303283,room,simple,POS,1.0,facility,0.86
581303283,bathroom,rain,NEG,1.0,facility,0.80
581303283,restaurant,close,POS,0.9991,food,1.00
581303283,pool,nice,POS,1.0,facility,1.00
581303283,garden,beautiful,POS,1.0,environment,0.75
549405211,hotel,bad,NEG,1.0,facility,0.93
549405211,light,no,NEG,1.0,environment,0.83
549405211,service,shocking,NEG,1.0,service,1.00
549405211,people,elderly,NEG,1.0,service,0.55
549405211,pathway,dangerous,NEG,1.0,environment,0.80
549405211,path,sleep,NEG,1.0,environment,0.86
549405211,choose,you,POS,0.6154,experience,0.50
549405211,lift,no,NEG,1.0,service,0.88
549405211,room,basic,NEU,1.0,facility,0.86
549405211,bed,hard,NEG,1.0,facility,0.89
549405211,bathroom,basic,NEU,1.0,facility,0.80
549405211,bathroom,dirty,NEG,1.0,facility,0.80
549405211,kettle,no,NEG,1.0,facility,0.67
549405211,air,loud,NEG,1.0,facility,0.83
549405211,breakfast,average,NEU,1.0,food,0.77
544278109,premise,bad,NEG,1.0,service,0.53
544278109,staff,friendly,POS,0.9687,service,1.00
544278109,bed,hard,NEG,1.0,facility,0.89
544278109,towel,clean,POS,1.0,facility,0.71
544278109,massage,good,POS,0.7635,service,0.78
544278109,massage,cheap,POS,0.8685,service,0.78
531121159,room,booked,NEU,1.0,facility,0.86
531121159,bed,normal,NEU,1.0,facility,0.89
531121159,bed,normal,NEU,1.0,facility,0.89
531121159,staff,unfriendly,NEG,1.0,service,1.00
531121159,bed,extra,POS,0.9988,facility,0.89
531121159,room,dirty,NEG,1.0,facility,0.86
531121159,bathroom,cockrouches,NEG,0.9987,facility,0.80
531121159,shower,cold,NEG,1.0,facility,1.00
530082607,bed,extra,POS,0.7685,facility,0.89
530082607,pool,large,POS,1.0,facility,1.00
530082607,tile,sharp,POS,1.0,facility,0.71
530082607,room,spacious,POS,0.9999,facility,0.86
530082607,bathroom,poor,NEG,0.9821,facility,0.80
530082607,con,worked,POS,1.0,environment,0.71
530082607,breakfast,adequate,POS,1.0,food,0.77
530082607,bed,bug,NEG,1.0,facility,0.89
530082607,holiday,spoilt,NEG,1.0,experience,1.00
530082607,price,low,POS,1.0,price,1.00
493740830,place,ill,NEG,1.0,environment,1.00
493740830,breakfast,terrible,NEG,1.0,food,0.77
493740830,ball,lovely,POS,0.9999,facility,0.77
493740830,staff,lovely,POS,1.0,service,1.00
493740830,this,unprofessional,NEG,1.0,,
493740830,bathroom,clogged,NEG,1.0,facility,0.80
493740830,room,new,POS,0.9998,facility,0.86
487680012,pool,dangerous,NEG,0.9919,facility,1.00
487680012,furniture,poor,NEG,1.0,facility,1.00
487192308,hotel,love,POS,1.0,facility,0.93
487192308,people,best,POS,1.0,service,0.55
487192308,ball,young,NEG,1.0,facility,0.77
487192308,hotel,budget,POS,1.0,facility,0.93
475201985,room,average,NEU,1.0,facility,0.86
475201985,pool,nice,POS,0.9812,facility,1.00
475201985,pool,green,POS,0.7064,facility,1.00
475201985,room,renovated,POS,0.9988,facility,0.86
450591603,room,clean,POS,0.9875,facility,0.86
450591603,property,old,NEG,1.0,facility,0.93
450591603,location,great,POS,1.0,environment,1.00
440771094,bed,huge,POS,1.0,facility,0.89
440771094,bed,clean,POS,1.0,facility,0.89
440771094,bed,quiet,POS,1.0,facility,0.89
440771094,surfer,lots,POS,1.0,environment,0.71
440771094,boat,close,POS,1.0,facility,0.71
440771094,price,great,POS,1.0,price,1.00
434515617,location,loved,POS,1.0,environment,1.00
434515617,ambiance,loved,POS,0.9992,environment,1.00
434515617,pool,lovely,POS,1.0,facility,1.00
434515617,garden,lovely,POS,1.0,environment,0.75
434515617,temple,interesting,POS,1.0,facility,0.93
434515617,balcony,comfortable,POS,0.505,facility,0.92
434515617,suit,we,NEG,0.9861,facility,0.67
434515617,room,renovated,POS,1.0,facility,0.86
434515617,shower,dislike,NEG,1.0,facility,1.00
430439032,hotel,good,POS,1.0,facility,0.93
430439032,pool,nice,POS,1.0,facility,1.00
426871952,hotel,stayed,NEU,1.0,facility,0.93
426871952,beach,close,POS,1.0,environment,0.67
426871952,pool,nice,POS,0.9659,facility,1.00
426871952,pool,big,POS,1.0,facility,1.00
426871952,room,eat,POS,1.0,facility,0.86
426871952,room,tidy,POS,1.0,facility,0.86
426871952,room,cleaners,POS,0.9966,facility,0.86
338089033,towel,no,NEG,1.0,facility,0.71
338089033,linen,stained,NEG,1.0,facility,0.77
338089033,freeze,broken,NEG,0.6928,experience,0.75
338089033,water,unreliable,NEG,1.0,facility,0.92
338089033,tile,broken,NEG,1.0,facility,0.71
338089033,pool,chlorinated,NEG,0.7758,facility,1.00
338089033,pool,broken,NEG,0.6115,facility,1.00
338089033,breakfast,ordinary,NEU,1.0,food,0.77
338089033,staff,good,POS,1.0,service,1.00
338089033,wifi,free,POS,1.0,facility,0.63
315473991,value,good,POS,1.0,price,0.92
315473991,brekky,good,POS,0.9448,,
315473991,ground,nice,POS,1.0,environment,0.95
315473991,pool,nice,POS,1.0,facility,1.00
315473991,restaurant,nice,POS,1.0,food,1.00
315473991,room,basic,NEU,1.0,facility,0.86
315473991,staff,freindly,POS,1.0,service,1.00
315473991,position,central,POS,1.0,environment,1.00
315473991,beach,close,POS,1.0,environment,0.67
315473991,night,quiet,POS,1.0,experience,0.71
315473991,airport,close,POS,1.0,environment,1.00
315473991,pool,large,POS,1.0,facility,1.00
315473991,section,deep,NEG,0.5514,service,0.95
315473991,towel,fresh,POS,0.9996,facility,0.71
315473991,towel,scarce,NEG,1.0,facility,0.71
315473991,bed,comfy,POS,1.0,facility,0.89
303035548,hotel,coming,POS,0.9999,facility,0.93
303035548,location,great,POS,1.0,environment,1.00
303035548,renovation,improved,POS,0.577,service,0.86
303035548,room,clean,POS,1.0,facility,0.86
303035548,staff,fantastic,POS,1.0,service,1.00
303035548,staff,helpful,POS,1.0,service,1.00
303035548,garden,great,POS,1.0,environment,0.75
260967838,room,simple,POS,1.0,facility,0.86
260967838,bed,fine,POS,1.0,facility,0.89
260967838,bed,clean,POS,1.0,facility,0.89
260967838,pool,chlorine,NEG,1.0,facility,1.00
260967838,breakfast,toast,POS,0.9994,food,0.77
260967838,people,friendly,POS,1.0,service,0.55
260967838,people,helpful,POS,1.0,service,0.55
260967838,location,good,POS,1.0,environment,1.00
260967838,wave,nice,POS,1.0,experience,0.77
260967838,restaurant,enough,NEG,1.0,food,1.00
260967838,airport,drive,POS,1.0,environment,1.00
241044724,money,value,POS,1.0,price,0.88
241044724,room,ok,NEU,1.0,facility,0.86
241044724,air conditioner,great,POS,0.9999,facility,0.67
241044724,pool,great,POS,1.0,facility,1.00
241044724,drink,well,POS,0.9619,food,0.91
240468031,beach,walked,POS,0.9999,environment,0.67
240468031,beach,awesome,POS,1.0,environment,0.67
240468031,room,spacious,POS,1.0,facility,0.86
240468031,wifi,excellent,POS,1.0,facility,0.63
240468031,bed,hard,NEG,1.0,facility,0.89
240468031,nothing,missing,NEG,0.7823,experience,0.50
240468031,staff,excellent,POS,1.0,service,1.00
240468031,staff,happy,POS,1.0,service,1.00
240468031,staff,fun,POS,1.0,service,1.00
233047764,drink,welcome,POS,1.0,food,0.91
233047764,room,basic,NEU,1.0,facility,0.86
233047764,room,spacious,POS,0.9997,facility,0.86
233047764,room,cleaners,POS,0.9996,facility,0.86
233047764,restaurant,cheap,POS,0.8594,food,1.00
233047764,food,cheap,POS,0.9572,food,1.00
233047764,food,fresh,POS,0.9998,food,1.00
233047764,stay,loved,POS,1.0,experience,1.00
225589608,location,perfect,POS,1.0,environment,1.00
225589608,nightclub,far,NEG,0.9994,environment,0.80
225589608,eat,closeby,POS,0.5552,food,1.00
225589608,room,basic,NEU,1.0,facility,0.86
225589608,balcony,nice,POS,1.0,facility,0.92
225589608,breakfast,ok,NEU,1.0,food,0.77
225589608,pool,relaxing,POS,1.0,facility,1.00
225589608,garden,lush,POS,1.0,environment,0.75
216138052,hotel,cheap,POS,1.0,facility,0.93
216138052,hotel,basic,NEU,1.0,facility,0.93
216138052,room,large,POS,1.0,facility,0.86
216138052,room,comfortable,POS,1.0,facility,0.86
216138052,room,dated,NEG,1.0,facility,0.86
216138052,breakfast,basic,NEU,1.0,food,0.77
216138052,pool,nice,POS,0.9936,facility,1.00
216138052,airport,close,POS,1.0,environment,1.00
215449835,shop,walking,POS,0.9975,experience,1.00
215449835,shop,distance,POS,0.9976,experience,1.00
215449835,room,clean,POS,1.0,facility,0.86
215449835,store,harassed,NEG,0.9999,environment,0.90
215449835,beach,best,POS,1.0,environment,0.67
215449835,location,best,POS,0.6665,environment,1.00
208646889,hotel,nice,POS,1.0,facility,0.93
208646889,mattress,hard,NEG,0.9985,facility,0.71
208646889,spring,broken,NEG,1.0,environment,0.77
206729556,property,place,POS,0.9944,facility,0.93
206729556,money,value,POS,1.0,price,0.88
206729556,stay,restful,POS,1.0,experience,1.00
206729556,pool,mall,NEG,1.0,facility,1.00
206729556,pool,clean,POS,1.0,facility,1.00
206729556,pool,nice,POS,1.0,facility,1.00
206729556,limb,tired,NEG,1.0,facility,0.86
206729556,restaurant,basic,NEU,1.0,food,1.00
206729556,room,clean,POS,1.0,facility,0.86
198975217,room,clean,POS,1.0,facility,0.86
198975217,air conditioner,worked,POS,0.9999,facility,0.67
198975217,balcony,nice,POS,0.9979,facility,0.92
198975217,garden,maintained,POS,1.0,environment,0.75
198975217,tile,missing,NEG,0.9999,facility,0.71
189571380,money,value,POS,1.0,price,0.88
189571380,air conditioner,good,POS,1.0,facility,0.67
189571380,water,good,POS,1.0,facility,0.92
189571380,bed,large,POS,1.0,facility,0.89
189571380,room,large,POS,1.0,facility,0.86
189571380,room,spacious,POS,1.0,facility,0.86
189571380,staff,friendly,POS,1.0,service,1.00
189571380,garden,large,POS,1.0,environment,0.75
189571380,location,good,POS,1.0,environment,1.00
186794465,staff,friendly,POS,1.0,service,1.00
186794465,room,old,NEG,1.0,facility,0.86
186794465,room,outdated,NEG,1.0,facility,0.86
186794465,cat,stay,NEG,1.0,environment,0.71
186794465,bed,bugs,NEG,1.0,facility,0.89
186794465,room,noise,NEG,1.0,facility,0.86
186794465,money,save,POS,1.0,price,0.88
186596097,hotel,simple,NEU,1.0,facility,0.93
186596097,location,good,POS,1.0,environment,1.00
186596097,room,basic,NEU,1.0,facility,0.86
186596097,bed,firm,POS,1.0,facility,0.89
186596097,beach,close,POS,1.0,environment,0.67
186596097,food,basic,NEU,1.0,food,1.00
186596097,food,ok,NEU,1.0,food,1.00
183336044,bali,love,POS,1.0,environment,0.60
183336044,culture,love,POS,1.0,service,0.91
183336044,lifestyle,love,POS,1.0,environment,0.55
183336044,hotel,wanted,NEU,1.0,facility,0.93
183336044,atmosphere,nice,POS,1.0,environment,1.00
183336044,garden,beautiful,POS,1.0,environment,0.75
183336044,restaurant,nice,POS,1.0,food,1.00
183336044,room,ok,NEU,1.0,facility,0.86
183336044,room,not,NEG,0.9948,facility,0.86
183336044,room,excellent,POS,1.0,facility,0.86
183336044,staff,good,POS,1.0,service,1.00
183336044,people,good,POS,0.996,service,0.55
183336044,hotel,love,POS,1.0,facility,0.93
183336044,time,great,POS,1.0,experience,0.92
182172474,budget,nice,POS,1.0,price,1.00
182172474,garden,nice,POS,1.0,environment,0.75
182172474,wifi,free,POS,1.0,facility,0.63
182172474,pool,carefull,NEG,1.0,facility,1.00
182172474,pool,deep,NEG,0.8762,facility,1.00
182172474,breakfast,basic,NEU,1.0,food,0.77
182172474,airport,ear,POS,1.0,environment,1.00
182172474,location,good,POS,0.9965,environment,1.00
182172474,kuta,good,POS,0.9976,,
181442748,here,stayed,NEU,0.9481,environment,0.89
181442748,price,outstanding,POS,1.0,price,1.00
181442748,room,outstanding,POS,1.0,facility,0.86
181442748,room,dated,NEG,0.992,facility,0.86
181442748,room,clean,POS,1.0,facility,0.86
181442748,pool,large,POS,1.0,facility,1.00
181442748,pool,clean,POS,1.0,facility,1.00
181442748,price,reasonably,POS,1.0,price,1.00
172992949,beach,walked,POS,1.0,environment,0.67
172992949,supermarket,great,POS,1.0,environment,0.82
172992949,square,walked,POS,0.6566,facility,0.83
172992949,hotel,major,POS,1.0,facility,0.93
172992949,airport,close,POS,1.0,environment,1.00
166454674,lady,pleasant,POS,1.0,environment,0.71
166454674,lady,welcoming,POS,1.0,environment,0.71
166454674,room,clean,POS,1.0,facility,0.86
166454674,room,basic,NEU,1.0,facility,0.86
166454674,room,comfortable,POS,1.0,facility,0.86
166454674,breakfast,good,POS,1.0,food,0.77
166454674,hotel,recommend,POS,0.9981,facility,0.93
166454674,price,value,POS,0.4084,price,1.00
165137046,pool,close,POS,1.0,facility,1.00
165137046,amenity,close,POS,1.0,facility,1.00
165137046,work,never,NEG,1.0,service,0.94
165137046,bathroom,clean,POS,1.0,facility,0.80
165137046,bathroom,eat,POS,1.0,facility,0.80
165137046,bathroom,tidy,POS,1.0,facility,0.80
165137046,towel,more,NEG,0.9945,facility,0.71
165137046,family,nice,POS,0.9999,environment,0.75
165137046,pool,good,POS,1.0,facility,1.00
158568348,stay,fabulous,POS,1.0,experience,1.00
158568348,location,best,POS,1.0,environment,1.00
158568348,beach,close,POS,1.0,environment,0.67
158568348,restaurant,great,POS,1.0,food,1.00
158568348,meal,fantastic,POS,1.0,food,0.83
158568348,facility,good,POS,1.0,facility,1.00
158568348,linen,clean,POS,1.0,facility,0.77
158568348,pool,relaxing,POS,1.0,facility,1.00
158568348,staff,attentive,POS,1.0,service,1.00
158568348,staff,obliging,POS,1.0,service,1.00
158568348,stay,enjoyable,POS,1.0,experience,1.00
146055449,staff,pleasant,POS,1.0,service,1.00
146055449,facility,older,NEG,1.0,facility,1.00
146055449,linen,clean,POS,1.0,facility,0.77
146055449,breakfast,air,POS,1.0,food,0.77
129275190,motel,stayed,NEU,1.0,facility,0.82
129275190,time,nice,POS,1.0,experience,0.92
129275190,build,noise,NEG,1.0,facility,0.62
129275190,bathroom,mouldy,NEG,1.0,facility,0.80
129275190,bathroom,cleaning,NEG,1.0,facility,0.80
129275190,air conditioner,worked,POS,1.0,facility,0.67
129275190,bed,clean,POS,1.0,facility,0.89
129275190,pool,old,NEG,0.9728,facility,1.00
129275190,tile,broken,NEG,1.0,facility,0.71
129275190,room,paid,NEU,0.9376,facility,0.86
129275190,crowd,away,NEG,0.4673,service,0.62
128029559,here,stayed,NEU,1.0,environment,0.89
128029559,room,disgusted,NEG,0.9988,facility,0.86
128029559,room,dirty,NEG,1.0,facility,0.86
128029559,room,smell,NEG,0.9997,facility,0.86
128029559,bathroom,works,NEG,1.0,facility,0.80
128029559,price,ridiculous,NEG,1.0,price,1.00
128029559,bed,bugs,NEG,1.0,facility,0.89
128029559,towel,gray,NEG,1.0,facility,0.71
128029559,towel,shoes,NEG,0.9969,facility,0.71
128029559,travel,works,NEG,0.7129,experience,0.77
127344013,hotel,budget,POS,0.9999,facility,0.93
127344013,hotel,clean,POS,1.0,facility,0.93
127344013,time,different,POS,0.9994,experience,0.92
127344013,room,dirty,NEG,1.0,facility,0.86
127344013,flee,bitten,POS,0.3776,experience,0.33
127344013,roof,leaked,NEG,1.0,facility,0.71
127344013,roof,rain,NEG,0.9995,facility,0.71
127344013,hotel,clean,POS,1.0,facility,0.93
127344013,hotel,need,NEG,0.8661,facility,0.93
118840411,room,paid,POS,0.3626,facility,0.86
118840411,ground,lovely,POS,1.0,environment,0.95
118840411,room,tired,NEG,0.7001,facility,0.86
118840411,staff,polite,POS,1.0,service,1.00
118840411,guest,good,POS,0.6221,environment,0.71
118485329,hotel,stayed,NEU,1.0,facility,0.93
118485329,experience,works,NEG,1.0,experience,1.00
118485329,room,dirty,NEG,1.0,facility,0.86
118485329,room,old,NEG,1.0,facility,0.86
118485329,bathroom,cockroaches,NEG,1.0,facility,0.80
69159607,airport,close,POS,1.0,environment,1.00
69159607,room,works,NEG,1.0,facility,0.86
69159607,service,poor,NEG,1.0,service,1.00
69159607,staff,rude,NEG,1.0,service,1.00
69159607,staff,unfriendly,NEG,1.0,service,1.00
69159607,taxi,busy,NEG,1.0,facility,0.60
54976396,stay,careful,NEG,1.0,experience,1.00
54976396,area,bandits,NEG,0.6596,environment,0.92
54976396,hotel,mediocrity,NEG,0.9999,facility,0.93
54976396,airport,close,POS,1.0,environment,1.00
50018524,room,clean,POS,1.0,facility,0.86
50018524,staff,friendly,POS,1.0,service,1.00
50018524,breakfast,simple,POS,0.9571,food,0.77
50018524,breakfast,adequate,POS,1.0,food,0.77
50018524,location,quiet,POS,1.0,environment,1.00
50018524,beach,close,POS,1.0,environment,0.67
50018524,cafe,close,POS,1.0,food,0.94
50018524,shop,close,POS,1.0,experience,1.00
50018524,towel,fluffy,POS,0.9484,facility,0.71
50018524,towel,thin,NEG,0.8143,facility,0.71
50018524,pillow,soft,NEG,1.0,facility,0.71
43514855,hotel,cheap,POS,1.0,facility,0.93
43514855,trip,cheaper,POS,0.9978,experience,0.92
43514855,hotel,love,POS,1.0,facility,0.93
43514855,room,clean,POS,1.0,facility,0.86
43514855,air conditioner,fine,NEU,0.4149,facility,0.67
43514855,bathroom,clean,POS,1.0,facility,0.80
43514855,staff,impecable,POS,1.0,service,1.00
43514855,price,fantastic,POS,0.9996,price,1.00
43514855,meal,cheap,POS,0.9995,food,0.83
43514855,location,love,POS,1.0,environment,1.00
693014668,location,good,POS,1.0,environment,1.00
693014668,room,clean,POS,1.0,facility,0.86
693014668,staff,friendly,POS,1.0,service,1.00
693014668,breakfast,good,POS,1.0,food,0.77
693014668,egg,fresh,POS,1.0,food,0.83
693014668,warungs,good,POS,1.0,,
693014668,room,quiet,POS,1.0,facility,0.86
693014668,room,noise,NEG,1.0,facility,0.86
666128702,location,great,POS,1.0,environment,1.00
666128702,linen,filthy,NEG,0.6255,facility,0.77
666128702,concrete,uneven,NEG,0.9477,facility,0.77
666128702,pool,uneven,NEG,0.954,facility,1.00
666128702,pool,chipped,NEG,0.7848,facility,1.00
666128702,tile,broken,NEG,0.9997,facility,0.71
666128702,light,dim,NEG,1.0,environment,0.83
624327518,travel,stayed,NEU,0.6531,experience,0.77
624327518,room,basic,NEU,1.0,facility,0.86
624327518,bed,hard,NEG,1.0,facility,0.89
624327518,staff,wonderful,POS,1.0,service,1.00
624327518,people,beautiful,POS,1.0,service,0.55
624327518,breakfast,good,POS,1.0,food,0.77
624327518,food,yum,POS,1.0,food,1.00
624327518,price,good,POS,1.0,price,1.00
624327518,location,good,POS,1.0,environment,1.00
621524189,hotel,cheap,POS,0.9998,facility,0.93
621524189,hotel,basic,NEU,0.9987,facility,0.93
621524189,location,great,POS,1.0,environment,1.00
621524189,room,tired,NEG,1.0,facility,0.86
581289845,staff,fantastic,POS,1.0,service,1.00
581289845,breakfast,great,POS,1.0,food,0.77
581289845,pool,nice,POS,1.0,facility,1.00
562200271,here,stayed,POS,0.9982,environment,0.89
562200271,shoe,we,NEG,1.0,facility,0.71
562200271,room,nice,POS,1.0,facility,0.86
551890835,rate,best,POS,1.0,price,0.82
551890835,reception,weird,NEG,0.8281,service,1.00
551890835,bed,extra,POS,0.9975,facility,0.89
551890835,room,pay,NEG,0.4966,facility,0.86
551890835,attitude,poor,NEG,1.0,service,1.00
551890835,attitude,dismissive,NEG,1.0,service,1.00
544628325,staff,nice,POS,1.0,service,1.00
544628325,room,cleaners,POS,1.0,facility,0.86
544628325,chicken,unhealthy,NEG,1.0,food,0.80
540355254,reaction,shock,NEG,0.9999,facility,0.86
540355254,tea,no,NEG,1.0,food,0.83
540355254,coffee,no,NEG,1.0,food,0.83
540355254,bathroom,shampoo,NEG,0.8723,facility,0.80
540355254,bench,no,NEG,1.0,facility,0.89
540355254,breakfast,average,NEU,0.9725,food,0.77
540355254,pool,sink,NEG,0.9984,facility,1.00
540355254,pool,tiles,NEG,0.678,facility,1.00
527131040,u,closer,POS,0.9982,food,0.50
527131040,room,cleaners,POS,1.0,facility,0.86
527131040,staff,helpful,POS,1.0,service,1.00
527131040,staff,friendly,POS,1.0,service,1.00
527131040,location,great,POS,1.0,environment,1.00
527131040,breakfast,basic,NEU,1.0,food,0.77
525038854,staff,lovely,POS,1.0,service,1.00
525038854,garden,lovely,POS,1.0,environment,0.75
525038854,location,deal,POS,1.0,environment,1.00
525038854,table,disgusting,NEG,0.9964,facility,0.94
525038854,milk,off,NEG,0.5531,food,0.83
525038854,bacon,no,NEG,0.5868,food,0.80
525038854,breakfast,basic,NEU,1.0,food,0.77
525038854,breakfast,amazing,POS,1.0,food,0.77
525038854,bathroom,clean,POS,0.9973,facility,0.80
525038854,corner,mould,NEG,0.9939,facility,0.92
510343720,drink,customary,NEU,1.0,food,0.91
510343720,staff,welcome,POS,1.0,service,1.00
510343720,breakfast,different,NEG,0.9992,food,0.77
510343720,staff,rude,NEG,1.0,service,1.00
510343720,money,stolen,NEG,0.9985,price,0.88
510343720,price,high,POS,1.0,price,1.00
510343720,attitude,changed,POS,0.9999,service,1.00
509702276,room,renovated,POS,1.0,facility,0.86
509702276,room,older,NEG,1.0,facility,0.86
509702276,room,okay,NEU,1.0,facility,0.86
509702276,pool,clean,POS,1.0,facility,1.00
509702276,cocktail,no,NEG,0.6649,food,0.71
509702276,bottle,grog,NEG,1.0,facility,0.71
509702276,food,good,POS,1.0,food,1.00
509702276,location,central,POS,1.0,environment,1.00
509702276,beach,close,POS,1.0,environment,0.67
509702276,airport,close,POS,1.0,environment,1.00
509326663,pool,nice,POS,1.0,facility,1.00
509326663,hotel,terrible,NEG,1.0,facility,0.93
509326663,room,ugly,NEG,1.0,facility,0.86
509326663,toilet,ugly,NEG,1.0,facility,0.88
501828042,bakungs,booked,NEU,1.0,,
501828042,room,ready,POS,1.0,facility,0.86
501828042,room,ready,POS,0.8228,facility,0.86
501828042,this,air,POS,1.0,,
495611148,locate,walking,POS,0.4989,environment,1.00
495611148,beach,choose,POS,1.0,environment,0.67
495611148,greenery,beautiful,POS,1.0,facility,0.53
495611148,place,quiet,POS,1.0,environment,1.00
495611148,personnel,kind,POS,1.0,service,0.92
495611148,service,minimal,POS,1.0,service,1.00
495611148,price,honest,POS,1.0,price,1.00
487800339,hotel,booked,NEU,1.0,facility,0.93
487800339,arrive,late,NEG,0.9123,experience,0.50
487800339,plane,delayed,NEG,0.9984,environment,0.67
487800339,room,omg,POS,1.0,facility,0.86
487800339,picture,like,NEG,0.8143,environment,0.83
487800339,room,mall,NEG,1.0,facility,0.86
487800339,bed,squeaky,NEG,1.0,facility,0.89
487800339,room,bigger,POS,0.8523,facility,0.86
487800339,bed,same,NEG,0.7539,facility,0.89
487800339,sleep,much,NEG,1.0,experience,1.00
487800339,money,losing,NEG,1.0,price,0.88
487800339,advertise,false,NEG,1.0,service,0.77
484045580,place,poor,NEG,1.0,environment,1.00
484045580,pool,ear,POS,0.9999,facility,1.00
484045580,room,reeked,NEG,0.8058,facility,0.86
484045580,staff,smell,NEG,0.9297,service,1.00
484045580,air conditioner,worked,NEG,0.6238,facility,0.67
484045580,air conditioner,mall,NEG,0.9945,facility,0.67
469745566,position,great,POS,1.0,environment,1.00
469745566,room,passable,POS,1.0,facility,0.86
469745566,pool,great,POS,1.0,facility,1.00
469737928,hotel,cheap,POS,1.0,facility,0.93
469737928,mostly,clean,POS,0.5318,experience,0.50
469737928,bathroom,moldy,NEG,1.0,facility,0.80
469737928,tile,broken,NEG,1.0,facility,0.71
469737928,tile,chlorine,NEG,0.977,facility,0.71
469737928,place,cheap,POS,1.0,environment,1.00
469737928,shop,winner,POS,0.8867,experience,1.00
468427364,hotel,stay,NEU,0.9998,facility,0.93
468427364,staff,nice,POS,1.0,service,1.00
468427364,food,good,POS,1.0,food,1.00
468427364,room,bad,NEG,1.0,facility,0.86
468427364,room,service,POS,1.0,facility,0.86
468427364,staff,perfect,POS,1.0,service,1.00
449463370,airport,close,POS,1.0,environment,1.00
449463370,room,clean,POS,1.0,facility,0.86
440242532,hotel,works,NEG,1.0,facility,0.93
440242532,room,clean,POS,1.0,facility,0.86
440242532,luck,bad,NEG,1.0,environment,0.67
440242532,bathroom,mould,NEG,1.0,facility,0.80
436490995,air conditioner,old,NEG,1.0,facility,0.67
436490995,breakfast,wholesome,POS,1.0,food,0.77
436490995,breakfast,advisable,POS,0.9997,food,0.77
436490995,location,great,POS,1.0,environment,1.00
421666154,staff,nice,POS,1.0,service,1.00
421666154,room,clean,POS,1.0,facility,0.86
400245105,hotel,booked,NEU,1.0,facility,0.93
400245105,breakfast,minimum,POS,0.9008,food,0.77
400245105,room,booked,NEU,1.0,facility,0.86
400245105,bed,installed,POS,1.0,facility,0.89
400245105,sheet,torn,NEG,1.0,facility,0.83
400245105,towel,got,NEU,0.673,facility,0.71
400245105,storage,carnage,NEG,1.0,facility,0.86
399009358,staff,friendly,POS,1.0,service,1.00
399009358,fridge,spacious,POS,0.6171,facility,0.53
399009358,staff,spacious,POS,0.714,service,1.00
399009358,night,fine,POS,1.0,experience,0.71
399009358,resort,big,POS,1.0,facility,0.88
378887527,location,close,POS,0.714,environment,1.00
378887527,room,big,POS,1.0,facility,0.86
378887527,bed,comfortable,POS,1.0,facility,0.89
378887527,furniture,outdated,NEG,1.0,facility,1.00
378887527,breki,basic,NEU,0.8021,,
378887527,breakfast,good,POS,1.0,food,0.77
378887527,surround,green,NEG,1.0,environment,1.00
359207316,oasis,lovely,POS,1.0,facility,0.86
359207316,breakfast,nice,POS,1.0,food,0.77
359207316,area,relaxing,POS,1.0,environment,0.92
359207316,wifi,no,NEG,1.0,facility,0.63
359207316,room,simple,POS,1.0,facility,0.86
359207316,room,clean,POS,1.0,facility,0.86
359207316,airco,good,POS,1.0,,
356693973,linen,tired,NEG,1.0,facility,0.77
356693973,linen,grubby,NEG,1.0,facility,0.77
356693973,kettle,no,NEG,1.0,facility,0.67
356693973,cup,no,NEG,1.0,facility,0.75
356693973,coffee,no,NEG,1.0,food,0.83
356693973,shower,we,NEG,1.0,facility,1.00
356693973,breakfast,poor,NEG,1.0,food,0.77
356693973,breakfast,uninteresting,NEG,1.0,food,0.77
356693973,staff,helpful,NEG,0.8532,service,1.00
356693973,hotel,frequented,NEG,1.0,facility,0.93
356693973,price,low,POS,1.0,price,1.00
326172495,stay,2nd,NEG,0.7347,experience,1.00
326172495,hotel,classic,POS,0.9971,facility,0.93
326172495,location,great,POS,1.0,environment,1.00
326172495,staff,friendly,POS,1.0,service,1.00
326172495,room,adequate,POS,0.9935,facility,0.86
326172495,room,large,POS,1.0,facility,0.86
326172495,linen,old,NEG,1.0,facility,0.77
326172495,towel,cleaners,POS,1.0,facility,0.71
326172495,breakfast,mall,NEG,0.9999,food,0.77
326172495,place,great,POS,1.0,environment,1.00
318779413,room,enjoyed,POS,1.0,facility,0.86
318779413,breakfast,included,POS,1.0,food,0.77
318779413,breakfast,limited,NEG,1.0,food,0.77
318779413,breakfast,fresh,POS,0.9999,food,0.77
318779413,pool,chlorinated,NEG,1.0,facility,1.00
318779413,budget,wise,NEG,0.588,price,1.00
310898974,staff,ignored,NEG,1.0,service,1.00
310898974,room,available,POS,0.8336,facility,0.86
310898974,reception,upset,NEG,1.0,service,1.00
310898974,job,good,POS,0.9943,experience,0.92
310898974,room,great,POS,1.0,facility,0.86
310898974,breakfast,great,POS,1.0,food,0.77
305795132,stay,nearby,POS,1.0,experience,1.00
305795132,price,air,NEU,0.545,price,1.00
305795132,ground,beautiful,POS,1.0,environment,0.95
305795132,room,nice,POS,1.0,facility,0.86
305795132,atmosphere,relaxed,POS,1.0,environment,1.00
305795132,atmosphere,peaceful,POS,1.0,environment,1.00
305795132,place,great,POS,1.0,environment,1.00
298476491,room,nice,POS,1.0,facility,0.86
298476491,room,clean,POS,1.0,facility,0.86
298476491,staff,friendly,POS,1.0,service,1.00
298476491,wifi,ok,NEU,1.0,facility,0.63
298476491,pool,large,POS,1.0,facility,1.00
298476491,pool,deep,POS,0.9998,facility,1.00
298476491,night,quiet,POS,1.0,experience,0.71
298476491,beach,walked,POS,1.0,environment,0.67
298476491,supermarket,new,POS,0.8945,environment,0.82
294579489,room,clean,POS,1.0,facility,0.86
294579489,room,comfortable,POS,1.0,facility,0.86
294579489,leg,injury,NEG,0.857,food,0.86
294579489,bakung,recommended,POS,1.0,,
294579489,staff,fantastic,POS,1.0,service,1.00
294579489,people,surprising,POS,1.0,service,0.55
278503593,room,budget,POS,1.0,facility,0.86
278503593,room,standard,NEU,1.0,facility,0.86
278503593,service,excellent,POS,1.0,service,1.00
278503593,staff,polite,POS,1.0,service,1.00
277990684,review,crictical,NEG,1.0,experience,0.80
277990684,hotel,budget,POS,1.0,facility,0.93
277990684,room,large,POS,1.0,facility,0.86
277990684,room,clean,POS,1.0,facility,0.86
277990684,bed,comfy,POS,1.0,facility,0.89
277990684,meal,cheap,POS,1.0,food,0.83
277990684,meal,tasty,POS,1.0,food,0.83
277990684,range,limited,NEG,1.0,facility,0.92
277990684,bintangs,large,POS,1.0,,
274323166,hotel,budget,POS,1.0,facility,0.93
274323166,room,clean,POS,1.0,facility,0.86
274323166,bathroom,clean,POS,1.0,facility,0.80
274323166,furniture,rickety,NEG,1.0,facility,1.00
274323166,furniture,ok,NEU,0.5602,facility,1.00
274323166,mozzies,careful,NEG,1.0,,
274323166,staff,friendly,POS,1.0,service,1.00
274323166,staff,helpful,POS,1.0,service,1.00
274323166,meal,cheap,POS,1.0,food,0.83
274323166,drink,cheap,POS,1.0,food,0.91
274323166,kuta,central,POS,0.862,,
268192369,pool,chlorine,NEG,1.0,facility,1.00
268192369,noodle,fried,NEG,1.0,food,0.83
268192369,view,garden,POS,0.9945,environment,1.00
268192369,shower,broken,NEG,1.0,facility,1.00
268192369,water,cold,NEG,1.0,facility,0.92
268192369,tile,brown,NEG,0.6041,facility,0.71
268192369,tile,stairs,NEG,0.8075,facility,0.71
268192369,staff,clean,POS,1.0,service,1.00
268192369,room,clean,POS,1.0,facility,0.86
268192369,cutlery,dirty,NEG,1.0,facility,0.67
264350300,staff,friendly,POS,1.0,service,1.00
264350300,pool,nice,POS,1.0,facility,1.00
264350300,location,liked,POS,1.0,environment,1.00
264350300,bed,comfy,POS,1.0,facility,0.89
251045762,hotel,old,NEG,1.0,facility,0.93
251045762,room,dirty,NEG,1.0,facility,0.86
251045762,bathroom,smell,NEG,1.0,facility,0.80
251045762,urine,table,NEG,0.9999,food,0.46
251045762,staff,pleasant,POS,1.0,service,1.00
251045762,location,excellent,POS,1.0,environment,1.00
228938603,room,unclean,NEG,1.0,facility,0.86
228938603,pool,good,POS,1.0,facility,1.00
222500356,room,clean,POS,1.0,facility,0.86
222500356,staff,friendly,POS,0.9965,service,1.00
222500356,surf,close,POS,1.0,experience,0.71
222500356,price,good,POS,1.0,price,1.00
222500356,value,good,POS,1.0,price,0.92
222500356,stay,perfect,POS,1.0,experience,1.00
222500356,hotel,perfect,POS,0.9999,facility,0.93
211469461,airport,close,POS,1.0,environment,1.00
211469461,facility,old,NEG,1.0,facility,1.00
211469461,staff,nice,POS,1.0,service,1.00
211469461,staff,friendly,POS,1.0,service,1.00
211469461,price,cheap,POS,1.0,price,1.00
205598735,reception,awkward,NEG,1.0,service,1.00
205598735,check,quickly,POS,1.0,facility,0.88
205598735,room,great,POS,1.0,facility,0.86
205598735,bathroom,big,POS,1.0,facility,0.80
205598735,balcony,cute,POS,0.9997,facility,0.92
205598735,breakfast,good,POS,1.0,food,0.77
201973091,pool,no,NEG,1.0,facility,1.00
201973091,door,thin,NEG,1.0,facility,0.92
201973091,wall,thin,NEG,1.0,facility,0.86
201973091,kuta,expensive,NEG,1.0,,
201973091,bathroom,terrible,NEG,1.0,facility,0.80
183584869,bed,old,NEG,1.0,facility,0.89
183584869,sheet,plastic,NEG,0.9981,facility,0.83
183584869,sheet,mall,NEG,1.0,facility,0.83
183584869,blanket,old,NEG,1.0,facility,0.77
183584869,blanket,scratchy,NEG,1.0,facility,0.77
183584869,bathroom,dirty,NEG,1.0,facility,0.80
183584869,food,awful,NEG,1.0,food,1.00
183584869,meal,inedible,NEG,0.9993,food,0.83
183584869,garden,lovely,POS,1.0,environment,0.75
183135102,breakfast,perfect,POS,1.0,food,0.77
183135102,website,reasonable,NEU,1.0,facility,0.67
183135102,website,happy,POS,0.5959,facility,0.67
183135102,wall,thin,NEG,0.9998,facility,0.86
183135102,noise,plenty,POS,0.9987,environment,1.00
183135102,we,exhausted,POS,0.3626,,
183135102,we,quiet,POS,1.0,,
181321664,price,250,NEU,0.7402,price,1.00
181321664,cost,low,POS,1.0,price,1.00
181321664,breakfast,included,POS,0.9725,food,0.77
181321664,room,large,POS,1.0,facility,0.86
181321664,room,clean,POS,1.0,facility,0.86
181321664,room,comfort,POS,1.0,facility,0.86
181321664,breakfast,delicious,POS,1.0,food,0.77
181321664,location,ear,POS,1.0,environment,1.00
181321664,beach,ear,POS,0.7275,environment,0.67
181321664,hotel,com,POS,1.0,facility,0.93
179872006,room,spacious,POS,1.0,facility,0.86
179872006,air conditioner,basic,NEU,1.0,facility,0.67
179872006,breakfast,basic,NEU,1.0,food,0.77
179872006,pool,nice,POS,1.0,facility,1.00
179872006,staff,friendly,POS,1.0,service,1.00
179872006,staff,polite,POS,1.0,service,1.00
179872006,breakfast,basic,NEU,1.0,food,0.77
179872006,breakfast,better,POS,1.0,food,0.77
178230231,airport,close,POS,0.9718,environment,1.00
178230231,hotel,booked,NEU,0.9788,facility,0.93
178230231,room,speedy,POS,1.0,facility,0.86
178230231,room,clean,POS,1.0,facility,0.86
178230231,bathroom,clean,POS,1.0,facility,0.80
178230231,room,spacious,POS,1.0,facility,0.86
178230231,bathroom,spacious,POS,1.0,facility,0.80
178230231,breakfast,adequate,POS,0.9995,food,0.77
178230231,room,adequate,POS,0.9996,facility,0.86
178230231,outing,breeze,POS,1.0,experience,0.94
178230231,activity,lots,POS,1.0,experience,1.00
176982732,excuse,poor,NEG,0.9756,service,0.67
176982732,hotel,poor,NEG,0.9859,facility,0.93
176982732,room,basic,NEU,1.0,facility,0.86
176982732,room,average,NEU,1.0,facility,0.86
176982732,linen,gross,NEG,1.0,facility,0.77
176982732,breakfast,disgusting,NEG,1.0,food,0.77
176982732,staff,nice,POS,1.0,service,1.00
166118244,bar,excellent,POS,1.0,food,1.00
166118244,restaurant,excellent,POS,1.0,food,1.00
166118244,pool,excellent,POS,1.0,facility,1.00
166118244,room,cost,NEG,0.9986,facility,0.86
166118244,room,refurbished,POS,0.9977,facility,0.86
166118244,location,downfall,NEG,0.9827,environment,1.00
166118244,taxi,cheap,POS,1.0,facility,0.60
166118244,deal,have,NEU,0.9361,experience,0.77
165654112,hotel,fantastic,POS,1.0,facility,0.93
165654112,kuta,quieter,POS,0.9806,,
165654112,value,great,POS,1.0,price,0.92
165654112,staff,friendly,POS,1.0,service,1.00
165654112,room,clean,POS,1.0,facility,0.86
165654112,holiday,affordable,POS,1.0,experience,1.00
161845077,wifi,free,POS,1.0,facility,0.63
161845077,wifi,fantastic,POS,0.999,facility,0.63
161845077,place,best,POS,0.8965,environment,1.00
161845077,tv,new,POS,1.0,facility,0.67
151541801,facade,great,POS,1.0,facility,0.67
151541801,ac,junk,NEG,1.0,food,0.55
151541801,room,ok,NEU,0.9999,facility,0.86
151541801,breakfast,good,POS,1.0,food,0.77
151541801,pool,inviting,POS,1.0,facility,1.00
151541801,staff,nice,POS,1.0,service,1.00
151347492,room,nervous,NEG,1.0,facility,0.86
151347492,room,good,POS,1.0,facility,0.86
151347492,room,clean,POS,1.0,facility,0.86
151347492,linen,white,POS,0.7271,facility,0.77
151347492,towel,white,POS,0.5209,facility,0.71
151347492,room,clean,POS,1.0,facility,0.86
151347492,everything,close,POS,1.0,,
151347492,breakfast,ok,NEU,1.0,food,0.77
151347492,money,worth,POS,1.0,price,0.88
151347492,build,new,POS,1.0,facility,0.62
151347492,build,old,NEG,1.0,facility,0.62
151347492,build,renovations,NEG,1.0,facility,0.62
151347492,renovation,lots,POS,1.0,service,0.86
136254996,staff,nice,POS,1.0,service,1.00
136254996,location,nice,POS,1.0,environment,1.00
136254996,staff,suitable,POS,1.0,service,1.00
136254996,location,suitable,POS,1.0,environment,1.00
136254996,beach,stroll,POS,0.9991,environment,0.67
136254996,shop,quaint,POS,1.0,experience,1.00
136254996,deal,great,POS,1.0,experience,0.77
136254996,pool,nice,POS,1.0,facility,1.00
136254996,staff,helpful,POS,1.0,service,1.00
136254996,value,great,POS,1.0,price,0.92
124128519,hotel,works,NEG,0.9694,facility,0.93
124128519,hotel,works,NEG,0.9999,facility,0.93
124128519,food,bad,NEG,0.9999,food,1.00
84019555,hotel,old,NEG,0.9501,facility,0.93
84019555,bedroom,standard,NEU,1.0,facility,0.80
84019555,bed,bugs,NEG,1.0,facility,0.89
84019555,bed,beasties,NEG,0.9982,facility,0.89
84019555,room,change,POS,1.0,facility,0.86
84019555,massage,best,POS,1.0,service,0.78
84019555,staff,friendly,POS,1.0,service,1.00
53615613,area,love,POS,1.0,environment,0.92
53615613,restaurant,nice,POS,1.0,food,1.00
53615613,pool,well,NEG,0.6745,facility,1.00
53615613,room,old,NEG,1.0,facility,0.86
53615613,room,disrepair,NEG,0.9745,facility,0.86
53615613,room,smell,NEG,1.0,facility,0.86
53615613,room,smell,NEG,1.0,facility,0.86
53615613,stay,tempting,POS,0.9995,experience,1.00
53615613,location,tempting,POS,0.8281,environment,1.00
53615613,price,low,POS,1.0,price,1.00
35996426,hotel,flash,POS,1.0,facility,0.93
35996426,kitchen,cats,NEG,1.0,facility,0.80
35996426,room,better,NEG,0.388,facility,0.86
35996426,conditioner,cleaning,NEG,0.9946,service,0.70
35996426,hotel,moving,POS,0.7312,facility,0.93
30701612,place,smell,NEG,1.0,environment,1.00
30701612,sheet,smell,NEG,0.9929,facility,0.83
30701612,manager,spoke,POS,0.9298,environment,0.71
712505599,room,clean,POS,1.0,facility,0.86
712505599,bathroom,smell,NEG,0.9958,facility,0.80
712505599,bathroom,clean,POS,0.9992,facility,0.80
712505599,battery,suspected,NEG,1.0,experience,0.75
712505599,youtube,goodness,POS,1.0,,
712505599,book,goodness,POS,1.0,facility,0.71
712505599,ground,lovely,POS,1.0,environment,0.95
712505599,pool,attractive,POS,1.0,facility,1.00
712505599,eatery,nice,POS,1.0,food,1.00
706151171,stay,soon,POS,0.9964,experience,1.00
706151171,price,fantastic,POS,1.0,price,1.00
706151171,location,fantastic,POS,1.0,environment,1.00
684471197,hotel,cheapish,POS,0.994,facility,0.93
684471197,location,great,POS,1.0,environment,1.00
684471197,beach,ear,POS,0.908,environment,0.67
684471197,pool,nice,POS,1.0,facility,1.00
684471197,sheet,dirty,NEG,1.0,facility,0.83
684471197,pillow,dirty,NEG,1.0,facility,0.71
684471197,sheet,smell,NEG,1.0,facility,0.83
684471197,pillow,smell,NEG,1.0,facility,0.71
684471197,cleaner,friendly,POS,1.0,service,0.86
684471197,fridge,worked,POS,1.0,facility,0.53
684471197,lid,broken,NEG,1.0,facility,0.71
684471197,shower,worked,POS,0.9918,facility,1.00
684471197,price,mould,NEG,0.6409,price,1.00
684471197,shower,mould,NEG,0.9727,facility,1.00
684471197,balcony,nice,POS,1.0,facility,0.92
684471197,hotel,quite,POS,1.0,facility,0.93
673476860,cleanliness,fine,NEU,0.4949,environment,1.00
673476860,room,new,POS,1.0,facility,0.86
673476860,room,spacious,POS,1.0,facility,0.86
673476860,bed,comfy,POS,1.0,facility,0.89
673476860,linen,clean,POS,1.0,facility,0.77
673476860,breakfast,average,NEU,1.0,food,0.77
673476860,garden,lovely,POS,1.0,environment,0.75
673476860,pool,lovely,POS,1.0,facility,1.00
669958751,hotel,wonderful,POS,1.0,facility,0.93
669958751,restaurant,cozy,POS,1.0,food,1.00
669958751,room,beautiful,POS,1.0,facility,0.86
669958751,stay,loved,POS,1.0,experience,1.00
669958751,staff,friendly,POS,1.0,service,1.00
669958751,staff,helpful,POS,1.0,service,1.00
669648489,place,crap,NEG,1.0,environment,1.00
669648489,sewage,smell,NEG,1.0,food,0.50
669648489,food,disgusting,NEG,1.0,food,1.00
669648489,service,no,NEG,1.0,service,1.00
669648489,table,new,POS,1.0,facility,0.94
635037169,room,reasonable,POS,1.0,facility,0.86
635037169,terrace,nice,POS,1.0,facility,0.86
635037169,people,friendly,POS,1.0,service,0.55
635037169,bed,good,POS,1.0,facility,0.89
635037169,breakfast,basic,NEU,1.0,food,0.77
635037169,airport,ear,POS,1.0,environment,1.00
635037169,courtyard,green,POS,0.4655,facility,0.86
635037169,girl,good,POS,0.9972,environment,0.75
635037169,price,good,POS,0.995,price,1.00
633372594,bed,positives,POS,0.6387,facility,0.89
633372594,room,luck,POS,1.0,facility,0.86
633372594,room,nice,POS,1.0,facility,0.86
633372594,bathroom,awful,NEG,1.0,facility,0.80
633372594,drape,moldy,NEG,0.9989,facility,0.88
633372594,water,we,NEG,0.9999,facility,0.92
633372594,staff,nice,POS,1.0,service,1.00
633372594,order,young,NEG,0.4652,experience,0.86
621611049,hotel,cheap,POS,1.0,facility,0.93
621611049,hotel,cheerful,POS,1.0,facility,0.93
621611049,location,great,POS,1.0,environment,1.00
621611049,shop,great,POS,0.9432,experience,1.00
621611049,laundry,great,POS,1.0,environment,0.71
621611049,breakfast,ok,NEU,1.0,food,0.77
621611049,mall,next,POS,1.0,environment,1.00
621611049,stair,slippery,NEG,1.0,facility,0.71
621611049,value,great,POS,1.0,price,0.92
592847041,price,affordable,POS,1.0,price,1.00
592847041,room,basic,NEU,1.0,facility,0.86
592847041,pool,good,POS,1.0,facility,1.00
592847041,location,price,POS,1.0,environment,1.00
586897331,hotel,good,POS,1.0,facility,0.93
586897331,staff,nice,POS,1.0,service,1.00
586897331,room,nice,POS,0.9198,facility,0.86
586897331,room,confortable,POS,1.0,facility,0.86
586897331,room,clean,POS,1.0,facility,0.86
586897331,location,good,POS,1.0,environment,1.00
586897331,hotel,advise,POS,0.9924,facility,0.93
565250884,hotel,works,NEG,0.8151,facility,0.93
565250884,hotel,filtiest,NEG,1.0,facility,0.93
565250884,ceiling,fungus,NEG,1.0,facility,0.67
565250884,wall,fungus,NEG,1.0,facility,0.86
565250884,ceiling,mold,NEG,1.0,facility,0.67
565250884,wall,mold,NEG,1.0,facility,0.86
565250884,room,clean,POS,1.0,facility,0.86
565250884,sheet,clean,POS,1.0,facility,0.83
565250884,ceiling,mold,NEG,1.0,facility,0.67
565250884,manager,friendly,POS,1.0,environment,0.71
565250884,hotel,creeps,NEG,1.0,facility,0.93
513902760,breakfast,simple,NEU,1.0,food,0.77
513902760,room,degraded,NEG,1.0,facility,0.86
513902760,condition,simple,NEU,1.0,environment,0.91
510846660,room,terrible,NEG,0.9999,facility,0.86
510846660,food,bad,NEG,0.9997,food,1.00
510846660,place,terrible,NEG,0.9364,environment,1.00
506099272,ambiance,good,POS,1.0,environment,1.00
506099272,pool,great,POS,1.0,facility,1.00
506099272,beach,close,POS,1.0,environment,0.67
506099272,resort,close,POS,1.0,facility,0.88
467123462,location,love,POS,1.0,environment,1.00
467123462,food,ok,NEU,1.0,food,1.00
467123462,price,affordable,POS,1.0,price,1.00
467123462,condition,cleaning,NEG,1.0,environment,0.91
467123462,wifi,poor,NEG,1.0,facility,0.63
467123462,wifi,rely,NEG,1.0,facility,0.63
458419269,bathroom,we,NEG,1.0,facility,0.80
458419269,bed,rockhard,NEG,1.0,facility,0.89
458419269,breakfast,sad,NEG,1.0,food,0.77
440243057,hotel,works,NEG,1.0,facility,0.93
440243057,money,horrific,NEG,1.0,price,0.88
440243057,staff,poor,NEG,1.0,service,1.00
440243057,location,poor,NEG,1.0,environment,1.00
426023116,airport,close,POS,1.0,environment,1.00
426023116,room,clean,POS,1.0,facility,0.86
426023116,room,basic,NEU,1.0,facility,0.86
426023116,breakfast,basic,NEU,1.0,food,0.77
426023116,beer,cold,NEG,1.0,food,0.71
423382034,price,basic,NEU,0.9992,price,1.00
423382034,beach,walked,POS,0.9999,environment,0.67
423382034,position,great,POS,1.0,environment,1.00
416051387,time,crappy,NEG,1.0,experience,0.92
416051387,renovation,noise,NEG,0.9341,service,0.86
416051387,view,old,NEG,0.5285,environment,1.00
416051387,rubbish,broken,NEG,0.8552,service,0.62
416051387,room,mouldy,NEG,1.0,facility,0.86
416051387,smell,musty,NEG,0.8576,environment,0.92
415518511,staff,friendly,POS,1.0,service,1.00
415518511,staff,helpful,POS,1.0,service,1.00
415518511,staff,happy,POS,1.0,service,1.00
415518511,breakfast,reasonable,NEU,0.6266,food,0.77
415518511,pool,murky,NEG,1.0,facility,1.00
415518511,water,stinging,NEG,1.0,facility,0.92
415518511,water,clear,POS,1.0,facility,0.92
415518511,water,normal,NEU,1.0,facility,0.92
415518511,water,blue,NEG,0.9983,facility,0.92
415518511,number,standard,NEU,0.9837,facility,0.71
415518511,guest,standard,NEU,0.9971,environment,0.71
412963629,visit,disappointed,NEG,0.8651,experience,0.92
412963629,linen,clean,POS,1.0,facility,0.77
412963629,bed,comfy,POS,1.0,facility,0.89
412963629,pool,disappointment,NEG,1.0,facility,1.00
412963629,atmosphere,dull,NEG,1.0,environment,1.00
412963629,price,ear,POS,0.5777,price,1.00
412608777,staff,friendly,POS,1.0,service,1.00
412608777,staff,helpful,POS,1.0,service,1.00
412608777,lcd,had,NEU,1.0,facility,0.63
412608777,air conditioner,worked,POS,1.0,facility,0.67
412608777,balcony,big,POS,1.0,facility,0.92
412608777,room,cleaners,POS,1.0,facility,0.86
412510548,hotel,staying,NEU,1.0,facility,0.93
412510548,locate,close,POS,1.0,environment,1.00
412510548,pool,nice,POS,1.0,facility,1.00
412510548,breakfast,good,POS,0.9971,food,0.77
412510548,staff,nice,POS,1.0,service,1.00
412510548,staff,helpful,POS,1.0,service,1.00
410826776,staff,amazing,POS,1.0,service,1.00
410826776,spa,great,POS,1.0,facility,0.88
409917693,floor,sticky,NEG,1.0,facility,0.92
409917693,bathroom,mouldy,NEG,1.0,facility,0.80
409917693,room,no,NEG,0.9997,facility,0.86
409917693,air conditioner,miss,NEG,1.0,facility,0.67
409917693,internet,no,NEG,1.0,facility,0.67
409917693,here,hated,NEG,1.0,environment,0.89
405943768,room,spacious,POS,1.0,facility,0.86
405943768,staff,friendly,POS,1.0,service,1.00
405943768,pool,nice,POS,1.0,facility,1.00
405943768,area,like,POS,1.0,environment,0.92
405943768,omelet,good,POS,1.0,food,0.77
405943768,breakfast,good,POS,1.0,food,0.77
405943768,room,service,POS,0.9662,facility,0.86
400645716,place,hard,NEG,1.0,environment,1.00
400645716,room,terrible,NEG,1.0,facility,0.86
400645716,breakfast,ordinary,NEU,1.0,food,0.77
400645716,staff,great,POS,0.9432,service,1.00
400645716,staff,friendly,POS,0.992,service,1.00
382843184,reception,different,NEG,1.0,service,1.00
382843184,people,friendly,POS,1.0,service,0.55
382843184,people,helpful,POS,1.0,service,0.55
382843184,room,large,POS,1.0,facility,0.86
382843184,room,clean,POS,1.0,facility,0.86
382843184,toilet,we,NEG,1.0,facility,0.88
382843184,shelf,no,NEG,1.0,facility,0.71
382843184,balcony,big,POS,1.0,facility,0.92
382843184,condition,adequate,POS,1.0,environment,0.91
382843184,restaurant,buzzing,POS,0.9433,food,1.00
382843184,kuta,center,POS,0.9997,,
380189440,woman,rude,NEG,1.0,service,0.82
380189440,mattress,stained,NEG,1.0,facility,0.71
380189440,sheet,mall,NEG,1.0,facility,0.83
380189440,pool,green,NEG,1.0,facility,1.00
380189440,ear,infection,NEG,0.6704,service,0.62
380189440,tile,broken,NEG,1.0,facility,0.71
380189440,staff,smile,POS,1.0,service,1.00
375447047,price,reasonable,POS,1.0,price,1.00
375447047,cleanness,unsatisfied,NEG,0.9987,environment,0.77
375447047,room,unsatisfied,NEG,1.0,facility,0.86
375447047,amenity,poor,NEG,1.0,facility,1.00
375447047,room,big,POS,1.0,facility,0.86
375447047,hotel,disappointed,NEG,1.0,facility,0.93
375447047,price,good,POS,1.0,price,1.00
375447047,staff,unhelpful,NEG,1.0,service,1.00
373582848,room,large,POS,1.0,facility,0.86
373582848,air,cold,NEU,0.8161,facility,0.83
373582848,pool,big,POS,1.0,facility,1.00
373582848,staff,friendly,POS,1.0,service,1.00
373582848,beach,close,POS,1.0,environment,0.67
373582848,breakfast,eat,POS,0.6483,food,0.77
373582848,breakfast,good,POS,0.9998,food,0.77
373582848,coffee,endless,NEG,1.0,food,0.83
373582848,tea,endless,NEG,1.0,food,0.83
373582848,spa,sandy,POS,1.0,facility,0.88
373582848,shop,quiet,POS,0.9585,experience,1.00
372218158,room,dirty,NEG,1.0,facility,0.86
372218158,photo,deceiving,NEG,0.9999,facility,0.71
372218158,place,deceiving,NEG,1.0,environment,1.00
372218158,place,outdated,NEG,1.0,environment,1.00
372218158,place,unkept,NEG,1.0,environment,1.00
371652288,room,large,POS,1.0,facility,0.86
371652288,tile,broken,NEG,1.0,facility,0.71
371652288,breakfast,ok,NEU,1.0,food,0.77
371652288,restaurant,like,POS,0.9997,food,1.00
371652288,bar,like,POS,0.9998,food,1.00
365890115,holiday,pleasant,POS,1.0,experience,1.00
365890115,staff,beautiful,POS,1.0,service,1.00
365890115,breakfast,enjoyable,POS,1.0,food,0.77
365890115,pool,sunny,NEG,1.0,facility,1.00
365890115,pool,clean,POS,1.0,facility,1.00
365890115,pool,dirty,NEG,1.0,facility,1.00
365890115,room,aged,NEG,1.0,facility,0.86
365890115,linen,aged,NEG,0.9859,facility,0.77
365890115,room,lovely,POS,1.0,facility,0.86
365890115,linen,lovely,POS,1.0,facility,0.77
365890115,room,clean,POS,1.0,facility,0.86
365890115,linen,clean,POS,1.0,facility,0.77
364504579,here,stayed,NEU,0.9892,environment,0.89
364504579,room,large,POS,0.9983,facility,0.86
364504579,air conditioner,large,POS,0.9563,facility,0.67
364504579,tv,large,POS,0.7169,facility,0.67
364504579,room,clean,POS,1.0,facility,0.86
364504579,cereal,no,NEG,1.0,food,0.83
364504579,egg,no,NEG,1.0,food,0.83
364504579,bacon,no,NEG,1.0,food,0.80
364504579,pool,beautiful,POS,1.0,facility,1.00
364504579,pool,large,POS,0.8485,facility,1.00
361731324,staff,rude,NEG,1.0,service,1.00
361731324,room,not,NEG,1.0,facility,0.86
361731324,breakfast,poor,NEG,1.0,food,0.77
361731324,tile,broken,NEG,1.0,facility,0.71
336333562,here,ok,POS,0.9913,environment,0.89
336333562,room,great,POS,0.9443,facility,0.86
336333562,room,clean,POS,0.9997,facility,0.86
336333562,staff,great,POS,1.0,service,1.00
336333562,location,great,POS,1.0,environment,1.00
336333562,breakfast,average,NEU,1.0,food,0.77
336333562,bacon,nice,POS,1.0,food,0.80
336333562,pool,great,POS,1.0,facility,1.00
336333562,garden,nice,POS,1.0,environment,0.75
336333562,air conditioner,clean,POS,1.0,facility,0.67
336333562,airport,minutes,POS,0.9811,environment,1.00
336333562,safe,no,NEG,0.9982,facility,0.75
336333562,hotel,us,NEG,0.9691,facility,0.93
336333562,staff,great,POS,1.0,service,1.00
334514834,hotel,good,POS,1.0,facility,0.93
334514834,breakfast,nice,POS,0.8417,food,0.77
334514834,airco,nice,POS,0.8774,,
334514834,bed,good,POS,1.0,facility,0.89
334514834,bathroom,smell,NEG,1.0,facility,0.80
334514834,staff,friendly,POS,1.0,service,1.00
334514834,view,nice,POS,1.0,environment,1.00
304902620,hotel,clean,POS,1.0,facility,0.93
304902620,park,nice,POS,1.0,facility,0.86
304902620,pool,great,POS,1.0,facility,1.00
304902620,airport,ear,POS,1.0,environment,1.00
297686579,hotel,stayed,NEU,1.0,facility,0.93
297686579,pool,chlorine,NEG,1.0,facility,1.00
297686579,staff,slow,NEG,1.0,service,1.00
297686579,room,clean,POS,1.0,facility,0.86
297686579,people,young,POS,0.9753,service,0.55
295880012,staff,friendly,POS,1.0,service,1.00
295880012,location,perfect,POS,1.0,environment,1.00
295880012,warungs,good,POS,0.9959,,
295880012,wifi,free,POS,1.0,facility,0.63
295880012,atmosphere,relaxing,POS,1.0,environment,1.00
295880012,lady,lovely,POS,1.0,environment,0.71
293166032,staff,friendly,POS,1.0,service,1.00
293166032,room,spacious,POS,1.0,facility,0.86
293166032,bathroom,clean,POS,1.0,facility,0.80
293166032,pool,nice,POS,1.0,facility,1.00
293166032,park,quiet,POS,1.0,facility,0.86
293166032,beach,nice,POS,0.9962,environment,0.67
293166032,beach,quiet,POS,1.0,environment,0.67
293166032,airport,transfer,POS,0.7776,environment,1.00
274932870,hotel,disappointment,NEG,1.0,facility,0.93
274932870,wifi,no,NEG,1.0,facility,0.63
274932870,service,ok,NEU,1.0,service,1.00
274932870,breakfast,average,NEU,0.9975,food,0.77
274932870,pool,ok,NEU,1.0,facility,1.00
274923658,location,perfect,POS,1.0,environment,1.00
274923658,price,good,POS,1.0,price,1.00
274923658,facility,good,POS,1.0,facility,1.00
269825412,hotel,stayed,NEU,0.9242,facility,0.93
269825412,traffic,nightmare,NEG,0.682,experience,0.77
269825412,story,heard,POS,0.3877,facility,0.92
269825412,room,basic,NEU,1.0,facility,0.86
269825412,shower,big,POS,0.9998,facility,1.00
269825412,bed,comfortable,POS,1.0,facility,0.89
269825412,pool,deep,POS,0.997,facility,1.00
269825412,breakfast,oasis,POS,0.7807,food,0.77
269825412,cocktail,reasonably,POS,0.9636,food,0.71
269825412,price,reasonably,POS,1.0,price,1.00
269825412,corner,overpriced,NEG,0.9998,facility,0.92
269825412,beach,walked,POS,1.0,environment,0.67
266732643,beach,cottages,POS,0.5763,environment,0.67
266732643,wifi,free,POS,1.0,facility,0.63
266732643,breakfast,ok,NEU,1.0,food,0.77
266732643,stay,enjoyed,POS,1.0,experience,1.00
266732643,money,change,POS,0.9951,price,0.88
258190268,hotel,cheap,POS,1.0,facility,0.93
258190268,hotel,nice,POS,1.0,facility,0.93
258190268,hotel,tidy,POS,1.0,facility,0.93
258190268,location,good,POS,0.9957,environment,1.00
258190268,ball,down,NEG,0.5448,facility,0.77
257576654,stay,loved,POS,1.0,experience,1.00
257576654,distance,walking,POS,1.0,facility,0.83
257576654,beach,walking,POS,1.0,environment,0.67
257576654,wifi,reasonable,POS,1.0,facility,0.63
257576654,wifi,worked,POS,1.0,facility,0.63
257576654,water,smell,NEG,1.0,facility,0.92
257576654,room,basic,NEU,1.0,facility,0.86
257576654,hotel,fault,NEG,0.8155,facility,0.93
257576654,bar,awesome,POS,1.0,food,1.00
257576654,kitchen,awesome,POS,1.0,facility,0.80
257576654,stay,enjoyed,POS,1.0,experience,1.00
254001906,drink,welcome,POS,1.0,food,0.91
254001906,breakfast,limited,NEG,1.0,food,0.77
254001906,waitress,organized,POS,0.716,service,0.86
254001906,waitress,water,NEG,0.9999,service,0.86
254001906,pool,love,POS,1.0,facility,1.00
241168338,hotel,cheap,POS,1.0,facility,0.93
241168338,bathroom,smell,NEG,0.9913,facility,0.80
241168338,hotel,great,POS,1.0,facility,0.93
241168338,budget,night,NEG,1.0,price,1.00
241168338,stay,expensive,NEG,1.0,experience,1.00
241168338,wifi,com,POS,0.8896,facility,0.63
239873433,hotel,ok,POS,1.0,facility,0.93
239873433,room,clean,POS,1.0,facility,0.86
239873433,room,spacious,POS,1.0,facility,0.86
239873433,breakfast,fine,POS,0.7537,food,0.77
239873433,breakfast,good,POS,1.0,food,0.77
239873433,stay,good,POS,1.0,experience,1.00
239453375,pool,nice,POS,1.0,facility,1.00
239453375,people,mixed,NEG,1.0,service,0.55
239453375,breakfast,good,POS,1.0,food,0.77
239453375,people,nice,POS,1.0,service,0.55
238581625,bed,arrived,NEU,0.4157,facility,0.89
238581625,pool,warm,POS,0.9806,facility,1.00
238581625,pool,green,NEG,0.9289,facility,1.00
238581625,people,swimming,POS,0.9958,service,0.55
238581625,swim,no,NEG,1.0,experience,0.78
238581625,towel,forgot,NEG,1.0,facility,0.71
238581625,breakfast,simple,NEU,1.0,food,0.77
238581625,breakfast,good,POS,1.0,food,0.77
238581625,hotel,fun,POS,1.0,facility,0.93
237035056,room,large,POS,1.0,facility,0.86
237035056,furnishing,reasonable,POS,1.0,facility,0.93
237035056,furnishing,comfortable,POS,0.7533,facility,0.93
237035056,breakfast,ordinary,NEU,1.0,food,0.77
237035056,cost,adequate,POS,1.0,price,1.00
237035056,warungs,pay,NEG,0.6055,,
237035056,warungs,us,NEG,0.5477,,
237035056,shop,reasonable,POS,0.5735,experience,1.00
237035056,place,pleasant,POS,1.0,environment,1.00
237035056,pool,pleasant,POS,1.0,facility,1.00
235337008,pro,good,POS,0.9242,environment,0.71
235337008,place,perfect,POS,1.0,environment,1.00
235337008,environment,intimate,POS,0.9314,environment,1.00
235337008,bathroom,dirty,NEG,1.0,facility,0.80
235337008,pipe,rusty,NEG,1.0,environment,0.71
235337008,staff,lovely,POS,1.0,service,1.00
235337008,pool,brilliant,POS,1.0,facility,1.00
230512202,room,cleaners,POS,1.0,facility,0.86
230512202,bed,made,POS,1.0,facility,0.89
230512202,towel,new,POS,1.0,facility,0.71
230512202,wifi,ok,NEU,1.0,facility,0.63
230512202,wifi,slow,POS,0.9878,facility,0.63
230512202,hair,dirty,NEG,1.0,facility,0.77
230512202,bed,comfy,POS,1.0,facility,0.89
230512202,stay,great,POS,1.0,experience,1.00
230495019,hotel,enjoyed,POS,1.0,facility,0.93
230495019,staff,excellent,POS,1.0,service,1.00
230495019,location,great,POS,1.0,environment,1.00
230495019,airport,close,POS,1.0,environment,1.00
230495019,walk,safes,POS,1.0,environment,0.80
230495019,time,safes,POS,1.0,experience,0.92
230495019,hotel,recommend,POS,1.0,facility,0.93
230495019,hotel,clean,POS,1.0,facility,0.93
230495019,hotel,friendly,POS,1.0,facility,0.93
230495019,staff,friendly,POS,1.0,service,1.00
230495019,price,cheap,POS,1.0,price,1.00
230495019,hotel,reccommend,POS,1.0,facility,0.93
229131301,hotel,simple,NEU,1.0,facility,0.93
229131301,hotel,affordable,POS,1.0,facility,0.93
229131301,breakfast,basic,NEU,1.0,food,0.77
229131301,staff,friendly,POS,1.0,service,1.00
229131301,room,clean,POS,1.0,facility,0.86
229131301,room,tidy,POS,1.0,facility,0.86
229131301,room,mall,NEG,0.9162,facility,0.86
228548847,room,had,NEU,1.0,facility,0.86
228548847,value,great,POS,1.0,price,0.92
228548847,beach,close,POS,1.0,environment,0.67
228548847,shop,close,POS,1.0,experience,1.00
228548847,room,ok,NEU,1.0,facility,0.86
228548847,taxi,getting,NEU,0.9503,facility,0.60
200182150,experience,bad,NEG,1.0,experience,1.00
200182150,room,clean,POS,1.0,facility,0.86
200182150,guest,pesks,NEG,0.8277,environment,0.71
200182150,maintenance,low,POS,0.5465,service,1.00
200182150,safe,no,NEG,0.9994,facility,0.75
196928042,hotel,stayed,NEU,1.0,facility,0.93
196928042,room,terrible,NEG,1.0,facility,0.86
196928042,sink,clogged,NEG,1.0,facility,0.88
196928042,room,no,NEG,1.0,facility,0.86
196928042,clean,property,POS,1.0,service,0.67
196928042,location,worried,NEG,1.0,environment,1.00
191697636,hotel,budget,POS,1.0,facility,0.93
191697636,garden,manicured,POS,0.9436,environment,0.75
191697636,staff,friendly,POS,1.0,service,1.00
191697636,toiletry,no,NEG,1.0,facility,0.80
191697636,breakfast,shocking,POS,1.0,food,0.77
191697636,mall,new,POS,1.0,environment,1.00
190934414,here,stayed,POS,0.457,environment,0.89
190934414,room,fine,NEU,0.9968,facility,0.86
190934414,staff,friendly,POS,1.0,service,1.00
190934414,staff,welcoming,POS,1.0,service,1.00
190934414,room,okay,NEU,1.0,facility,0.86
190934414,terrace,nice,POS,1.0,facility,0.86
190934414,pool,refreshing,POS,1.0,facility,1.00
180038621,staff,friendly,POS,1.0,service,1.00
180038621,garden,maintained,POS,0.9999,environment,0.75
180038621,pool,clean,POS,1.0,facility,1.00
180038621,room,pleasing,POS,1.0,facility,0.86
180038621,towel,worn,NEG,1.0,facility,0.71
180038621,sheet,stairs,NEG,1.0,facility,0.83
180038621,linen,fresher,POS,1.0,facility,0.77
176442126,room,basic,NEU,0.9999,facility,0.86
176442126,room,clean,POS,1.0,facility,0.86
176442126,linen,clean,POS,1.0,facility,0.77
176442126,fridge,clean,POS,1.0,facility,0.53
176442126,staff,friendly,POS,1.0,service,1.00
176442126,staff,helpful,POS,1.0,service,1.00
176442126,breakfast,adequate,NEU,0.5624,food,0.77
176442126,hotel,drawback,NEG,0.5243,facility,0.93
176442126,pool,broken,NEG,1.0,facility,1.00
164990291,here,stayed,POS,0.5922,environment,0.89
164990291,hotel,happy,POS,0.9997,facility,0.93
164990291,hotel,love,POS,0.9999,facility,0.93
164990291,money,value,POS,0.9223,price,0.88
164990291,service,gret,POS,0.9987,service,1.00
164990291,people,gorgeous,POS,1.0,service,0.55
164990291,agung,gorgeous,POS,0.9995,,
164990291,agung,cheeky,POS,0.7427,,
149541511,shop,enjoy,POS,1.0,experience,1.00
149541511,location,enjoy,POS,1.0,environment,1.00
138376431,hotel,cheap,POS,1.0,facility,0.93
138376431,shower,awful,NEG,1.0,facility,1.00
138376431,holiday,cheap,POS,1.0,experience,1.00
138376431,bed,pretty,POS,1.0,facility,0.89
138376431,room,comfortable,POS,1.0,facility,0.86
138376431,room,nice,POS,0.9973,facility,0.86
138376431,bathroom,nice,POS,0.9999,facility,0.80
138376431,staff,friendly,POS,1.0,service,1.00
138376431,alley,dark,NEG,0.8705,environment,0.75
138376431,alley,daunting,NEG,0.8959,environment,0.75
129278205,hotel,old,NEG,1.0,facility,0.93
129278205,hotel,dirty,NEG,1.0,facility,0.93
129278205,shower,cool,POS,1.0,facility,1.00
129278205,shower,relax,POS,1.0,facility,1.00
127394269,here,mistake,NEG,0.9999,environment,0.89
127394269,room,old,NEG,1.0,facility,0.86
127394269,porch,nice,POS,1.0,facility,0.92
127394269,location,quiet,POS,0.9764,environment,1.00
127394269,pool,old,NEG,1.0,facility,1.00
127394269,water,good,POS,1.0,facility,0.92
127394269,breakfast,ok,NEU,1.0,food,0.77
127394269,hotel,works,NEG,0.6146,facility,0.93
127394269,hotel,expensive,NEG,0.9997,facility,0.93
117058975,towel,grey,NEG,1.0,facility,0.71
117058975,sheet,grey,NEG,1.0,facility,0.83
